mean_fit_time,std_fit_time,mean_score_time,std_score_time,param_svc__C,param_svc__coef0,param_svc__degree,param_svc__gamma,param_svc__kernel,params,split0_test_score,split1_test_score,split2_test_score,split3_test_score,split4_test_score,mean_test_score,std_test_score,rank_test_score
0.08427600860595703,0.008999977076164123,0.015435552597045899,0.00317114717144333,0.1,0.0,2,scale,linear,"{'svc__C': 0.1, 'svc__coef0': 0.0, 'svc__degree': 2, 'svc__gamma': 'scale', 'svc__kernel': 'linear'}",0.9626865671641791,0.9664179104477612,0.9651741293532339,0.9552238805970149,0.9651741293532339,0.9629353233830846,0.00404181015156019,23
0.13921170234680175,0.007854822090852595,0.06463456153869629,0.0042163853390577025,0.1,0.0,2,scale,rbf,"{'svc__C': 0.1, 'svc__coef0': 0.0, 'svc__degree': 2, 'svc__gamma': 'scale', 'svc__kernel': 'rbf'}",0.9365671641791045,0.9390547263681592,0.945273631840796,0.9415422885572139,0.9402985074626866,0.940547263681592,0.002879561418604541,147
0.14199633598327638,0.008035473975609927,0.031061649322509766,0.0032034078535453955,0.1,0.0,2,scale,poly,"{'svc__C': 0.1, 'svc__coef0': 0.0, 'svc__degree': 2, 'svc__gamma': 'scale', 'svc__kernel': 'poly'}",0.914179104477612,0.9166666666666666,0.9166666666666666,0.9228855721393034,0.9104477611940298,0.9161691542288557,0.004057091151815936,201
0.1646413803100586,0.008797197610930832,0.03368830680847168,0.0004764031819563453,0.1,0.0,2,scale,sigmoid,"{'svc__C': 0.1, 'svc__coef0': 0.0, 'svc__degree': 2, 'svc__gamma': 'scale', 'svc__kernel': 'sigmoid'}",0.9490049751243781,0.9477611940298507,0.9552238805970149,0.9502487562189055,0.9514925373134329,0.9507462686567164,0.0025611020251211512,127
0.06966276168823242,0.0015691499712607209,0.01316986083984375,0.0013791648067649684,0.1,0.0,2,auto,linear,"{'svc__C': 0.1, 'svc__coef0': 0.0, 'svc__degree': 2, 'svc__gamma': 'auto', 'svc__kernel': 'linear'}",0.9626865671641791,0.9664179104477612,0.9651741293532339,0.9552238805970149,0.9651741293532339,0.9629353233830846,0.00404181015156019,23
0.12293334007263183,0.0047360298043432544,0.062160825729370116,0.0031185948896823804,0.1,0.0,2,auto,rbf,"{'svc__C': 0.1, 'svc__coef0': 0.0, 'svc__degree': 2, 'svc__gamma': 'auto', 'svc__kernel': 'rbf'}",0.9365671641791045,0.9390547263681592,0.945273631840796,0.9415422885572139,0.9402985074626866,0.940547263681592,0.002879561418604541,147
0.11862092018127442,0.006737572255200484,0.024398136138916015,0.0023945548474206303,0.1,0.0,2,auto,poly,"{'svc__C': 0.1, 'svc__coef0': 0.0, 'svc__degree': 2, 'svc__gamma': 'auto', 'svc__kernel': 'poly'}",0.914179104477612,0.9166666666666666,0.9166666666666666,0.9228855721393034,0.9104477611940298,0.9161691542288557,0.004057091151815936,201
0.1581859588623047,0.006506818929641712,0.04231729507446289,0.0051084727385604595,0.1,0.0,2,auto,sigmoid,"{'svc__C': 0.1, 'svc__coef0': 0.0, 'svc__degree': 2, 'svc__gamma': 'auto', 'svc__kernel': 'sigmoid'}",0.9490049751243781,0.9477611940298507,0.9552238805970149,0.9502487562189055,0.9514925373134329,0.9507462686567164,0.0025611020251211512,127
0.07907476425170898,0.007373497417826441,0.012651872634887696,0.0013954534087051473,0.1,0.0,3,scale,linear,"{'svc__C': 0.1, 'svc__coef0': 0.0, 'svc__degree': 3, 'svc__gamma': 'scale', 'svc__kernel': 'linear'}",0.9626865671641791,0.9664179104477612,0.9651741293532339,0.9552238805970149,0.9651741293532339,0.9629353233830846,0.00404181015156019,23
0.12160639762878418,0.00689081443572419,0.05097794532775879,0.0023401468760543324,0.1,0.0,3,scale,rbf,"{'svc__C': 0.1, 'svc__coef0': 0.0, 'svc__degree': 3, 'svc__gamma': 'scale', 'svc__kernel': 'rbf'}",0.9365671641791045,0.9390547263681592,0.945273631840796,0.9415422885572139,0.9402985074626866,0.940547263681592,0.002879561418604541,147
0.10763306617736816,0.002359974419925708,0.02347254753112793,0.0012508374210814539,0.1,0.0,3,scale,poly,"{'svc__C': 0.1, 'svc__coef0': 0.0, 'svc__degree': 3, 'svc__gamma': 'scale', 'svc__kernel': 'poly'}",0.9228855721393034,0.9253731343283582,0.9266169154228856,0.9291044776119403,0.914179104477612,0.92363184079602,0.005134270507599561,193
0.1498861789703369,0.007982346232541423,0.03580255508422851,0.0016403277419143143,0.1,0.0,3,scale,sigmoid,"{'svc__C': 0.1, 'svc__coef0': 0.0, 'svc__degree': 3, 'svc__gamma': 'scale', 'svc__kernel': 'sigmoid'}",0.9490049751243781,0.9477611940298507,0.9552238805970149,0.9502487562189055,0.9514925373134329,0.9507462686567164,0.0025611020251211512,127
0.07115082740783692,0.0023727688488832904,0.014686346054077148,0.004070941180433865,0.1,0.0,3,auto,linear,"{'svc__C': 0.1, 'svc__coef0': 0.0, 'svc__degree': 3, 'svc__gamma': 'auto', 'svc__kernel': 'linear'}",0.9626865671641791,0.9664179104477612,0.9651741293532339,0.9552238805970149,0.9651741293532339,0.9629353233830846,0.00404181015156019,23
0.12429919242858886,0.006450724473752129,0.06589970588684083,0.006276984986266713,0.1,0.0,3,auto,rbf,"{'svc__C': 0.1, 'svc__coef0': 0.0, 'svc__degree': 3, 'svc__gamma': 'auto', 'svc__kernel': 'rbf'}",0.9365671641791045,0.9390547263681592,0.945273631840796,0.9415422885572139,0.9402985074626866,0.940547263681592,0.002879561418604541,147
0.11746459007263184,0.008105283414408236,0.02309527397155762,0.0010737351704389257,0.1,0.0,3,auto,poly,"{'svc__C': 0.1, 'svc__coef0': 0.0, 'svc__degree': 3, 'svc__gamma': 'auto', 'svc__kernel': 'poly'}",0.9228855721393034,0.9253731343283582,0.9266169154228856,0.9291044776119403,0.914179104477612,0.92363184079602,0.005134270507599561,193
0.14318203926086426,0.004560983030057549,0.035015010833740236,0.0028652086022529083,0.1,0.0,3,auto,sigmoid,"{'svc__C': 0.1, 'svc__coef0': 0.0, 'svc__degree': 3, 'svc__gamma': 'auto', 'svc__kernel': 'sigmoid'}",0.9490049751243781,0.9477611940298507,0.9552238805970149,0.9502487562189055,0.9514925373134329,0.9507462686567164,0.0025611020251211512,127
0.06943998336791993,0.00382873739879099,0.013805198669433593,0.003524667649823054,0.1,0.0,4,scale,linear,"{'svc__C': 0.1, 'svc__coef0': 0.0, 'svc__degree': 4, 'svc__gamma': 'scale', 'svc__kernel': 'linear'}",0.9626865671641791,0.9664179104477612,0.9651741293532339,0.9552238805970149,0.9651741293532339,0.9629353233830846,0.00404181015156019,23
0.12414565086364746,0.0068463495959148486,0.06409277915954589,0.00875316879247078,0.1,0.0,4,scale,rbf,"{'svc__C': 0.1, 'svc__coef0': 0.0, 'svc__degree': 4, 'svc__gamma': 'scale', 'svc__kernel': 'rbf'}",0.9365671641791045,0.9390547263681592,0.945273631840796,0.9415422885572139,0.9402985074626866,0.940547263681592,0.002879561418604541,147
0.15167336463928222,0.011805672034226574,0.029216670989990236,0.0019468193692950791,0.1,0.0,4,scale,poly,"{'svc__C': 0.1, 'svc__coef0': 0.0, 'svc__degree': 4, 'svc__gamma': 'scale', 'svc__kernel': 'poly'}",0.9079601990049752,0.9054726368159204,0.9092039800995025,0.9029850746268657,0.9054726368159204,0.9062189054726367,0.00216860643957248,209
0.149568510055542,0.007790913243703747,0.033925437927246095,0.0021769256707557735,0.1,0.0,4,scale,sigmoid,"{'svc__C': 0.1, 'svc__coef0': 0.0, 'svc__degree': 4, 'svc__gamma': 'scale', 'svc__kernel': 'sigmoid'}",0.9490049751243781,0.9477611940298507,0.9552238805970149,0.9502487562189055,0.9514925373134329,0.9507462686567164,0.0025611020251211512,127
0.06769428253173829,0.0029458610034106387,0.012338829040527344,0.0007001371821379493,0.1,0.0,4,auto,linear,"{'svc__C': 0.1, 'svc__coef0': 0.0, 'svc__degree': 4, 'svc__gamma': 'auto', 'svc__kernel': 'linear'}",0.9626865671641791,0.9664179104477612,0.9651741293532339,0.9552238805970149,0.9651741293532339,0.9629353233830846,0.00404181015156019,23
0.11681056022644043,0.007949736698095488,0.057826805114746097,0.007079603812859019,0.1,0.0,4,auto,rbf,"{'svc__C': 0.1, 'svc__coef0': 0.0, 'svc__degree': 4, 'svc__gamma': 'auto', 'svc__kernel': 'rbf'}",0.9365671641791045,0.9390547263681592,0.945273631840796,0.9415422885572139,0.9402985074626866,0.940547263681592,0.002879561418604541,147
0.1753969669342041,0.05498463233289778,0.028253841400146484,0.0025525028469902547,0.1,0.0,4,auto,poly,"{'svc__C': 0.1, 'svc__coef0': 0.0, 'svc__degree': 4, 'svc__gamma': 'auto', 'svc__kernel': 'poly'}",0.9079601990049752,0.9054726368159204,0.9092039800995025,0.9029850746268657,0.9054726368159204,0.9062189054726367,0.00216860643957248,209
0.16008100509643555,0.004091971066555654,0.0486971378326416,0.012364419647275075,0.1,0.0,4,auto,sigmoid,"{'svc__C': 0.1, 'svc__coef0': 0.0, 'svc__degree': 4, 'svc__gamma': 'auto', 'svc__kernel': 'sigmoid'}",0.9490049751243781,0.9477611940298507,0.9552238805970149,0.9502487562189055,0.9514925373134329,0.9507462686567164,0.0025611020251211512,127
0.08568439483642579,0.009562811035373655,0.0155059814453125,0.002868793145963786,0.1,0.1,2,scale,linear,"{'svc__C': 0.1, 'svc__coef0': 0.1, 'svc__degree': 2, 'svc__gamma': 'scale', 'svc__kernel': 'linear'}",0.9626865671641791,0.9664179104477612,0.9651741293532339,0.9552238805970149,0.9651741293532339,0.9629353233830846,0.00404181015156019,23
0.14737958908081056,0.004210576735478539,0.07263965606689453,0.006537680962921817,0.1,0.1,2,scale,rbf,"{'svc__C': 0.1, 'svc__coef0': 0.1, 'svc__degree': 2, 'svc__gamma': 'scale', 'svc__kernel': 'rbf'}",0.9365671641791045,0.9390547263681592,0.945273631840796,0.9415422885572139,0.9402985074626866,0.940547263681592,0.002879561418604541,147
0.11337518692016602,0.01733628213523418,0.022434759140014648,0.001073739678790259,0.1,0.1,2,scale,poly,"{'svc__C': 0.1, 'svc__coef0': 0.1, 'svc__degree': 2, 'svc__gamma': 'scale', 'svc__kernel': 'poly'}",0.9477611940298507,0.9502487562189055,0.9527363184079602,0.9465174129353234,0.9390547263681592,0.9472636815920398,0.004627133143715988,141
0.16371922492980956,0.0280746883796162,0.041181421279907225,0.006514823534972391,0.1,0.1,2,scale,sigmoid,"{'svc__C': 0.1, 'svc__coef0': 0.1, 'svc__degree': 2, 'svc__gamma': 'scale', 'svc__kernel': 'sigmoid'}",0.945273631840796,0.9502487562189055,0.9539800995024875,0.9502487562189055,0.9514925373134329,0.9502487562189055,0.002836257276365997,133
0.06845545768737793,0.002586991187133697,0.013103675842285157,0.0016257801292218603,0.1,0.1,2,auto,linear,"{'svc__C': 0.1, 'svc__coef0': 0.1, 'svc__degree': 2, 'svc__gamma': 'auto', 'svc__kernel': 'linear'}",0.9626865671641791,0.9664179104477612,0.9651741293532339,0.9552238805970149,0.9651741293532339,0.9629353233830846,0.00404181015156019,23
0.11591978073120117,0.0038147609031852804,0.057327985763549805,0.0023120836738743343,0.1,0.1,2,auto,rbf,"{'svc__C': 0.1, 'svc__coef0': 0.1, 'svc__degree': 2, 'svc__gamma': 'auto', 'svc__kernel': 'rbf'}",0.9365671641791045,0.9390547263681592,0.945273631840796,0.9415422885572139,0.9402985074626866,0.940547263681592,0.002879561418604541,147
0.10317659378051758,0.003594781927779299,0.022506189346313477,0.0027954858599561925,0.1,0.1,2,auto,poly,"{'svc__C': 0.1, 'svc__coef0': 0.1, 'svc__degree': 2, 'svc__gamma': 'auto', 'svc__kernel': 'poly'}",0.9477611940298507,0.9502487562189055,0.9527363184079602,0.9465174129353234,0.9390547263681592,0.9472636815920398,0.004627133143715988,141
0.15130414962768554,0.006729296818403202,0.03838982582092285,0.0038094179982997678,0.1,0.1,2,auto,sigmoid,"{'svc__C': 0.1, 'svc__coef0': 0.1, 'svc__degree': 2, 'svc__gamma': 'auto', 'svc__kernel': 'sigmoid'}",0.945273631840796,0.9502487562189055,0.9539800995024875,0.9502487562189055,0.9514925373134329,0.9502487562189055,0.002836257276365997,133
0.07028398513793946,0.0027408111256987623,0.015249395370483398,0.0030971453472845856,0.1,0.1,3,scale,linear,"{'svc__C': 0.1, 'svc__coef0': 0.1, 'svc__degree': 3, 'svc__gamma': 'scale', 'svc__kernel': 'linear'}",0.9626865671641791,0.9664179104477612,0.9651741293532339,0.9552238805970149,0.9651741293532339,0.9629353233830846,0.00404181015156019,23
0.1327897548675537,0.004304987995354249,0.052617216110229494,0.0021250334949972304,0.1,0.1,3,scale,rbf,"{'svc__C': 0.1, 'svc__coef0': 0.1, 'svc__degree': 3, 'svc__gamma': 'scale', 'svc__kernel': 'rbf'}",0.9365671641791045,0.9390547263681592,0.945273631840796,0.9415422885572139,0.9402985074626866,0.940547263681592,0.002879561418604541,147
0.10472421646118164,0.007364085948612412,0.02374410629272461,0.003268222586850593,0.1,0.1,3,scale,poly,"{'svc__C': 0.1, 'svc__coef0': 0.1, 'svc__degree': 3, 'svc__gamma': 'scale', 'svc__kernel': 'poly'}",0.9353233830845771,0.9402985074626866,0.9365671641791045,0.9415422885572139,0.9303482587064676,0.9368159203980099,0.003964521753858025,165
0.16006155014038087,0.013889682003512052,0.041240692138671875,0.0034513528981392166,0.1,0.1,3,scale,sigmoid,"{'svc__C': 0.1, 'svc__coef0': 0.1, 'svc__degree': 3, 'svc__gamma': 'scale', 'svc__kernel': 'sigmoid'}",0.945273631840796,0.9502487562189055,0.9539800995024875,0.9502487562189055,0.9514925373134329,0.9502487562189055,0.002836257276365997,133
0.08011846542358399,0.009910893801780571,0.012914609909057618,0.0003933360437575459,0.1,0.1,3,auto,linear,"{'svc__C': 0.1, 'svc__coef0': 0.1, 'svc__degree': 3, 'svc__gamma': 'auto', 'svc__kernel': 'linear'}",0.9626865671641791,0.9664179104477612,0.9651741293532339,0.9552238805970149,0.9651741293532339,0.9629353233830846,0.00404181015156019,23
0.13330764770507814,0.0017440602416932732,0.07236542701721191,0.034271582055621704,0.1,0.1,3,auto,rbf,"{'svc__C': 0.1, 'svc__coef0': 0.1, 'svc__degree': 3, 'svc__gamma': 'auto', 'svc__kernel': 'rbf'}",0.9365671641791045,0.9390547263681592,0.945273631840796,0.9415422885572139,0.9402985074626866,0.940547263681592,0.002879561418604541,147
0.10237550735473633,0.005095081502816327,0.022583675384521485,0.002426739388433481,0.1,0.1,3,auto,poly,"{'svc__C': 0.1, 'svc__coef0': 0.1, 'svc__degree': 3, 'svc__gamma': 'auto', 'svc__kernel': 'poly'}",0.9353233830845771,0.9402985074626866,0.9365671641791045,0.9415422885572139,0.9303482587064676,0.9368159203980099,0.003964521753858025,165
0.14490280151367188,0.0026175727981178143,0.03570036888122559,0.003033764857356322,0.1,0.1,3,auto,sigmoid,"{'svc__C': 0.1, 'svc__coef0': 0.1, 'svc__degree': 3, 'svc__gamma': 'auto', 'svc__kernel': 'sigmoid'}",0.945273631840796,0.9502487562189055,0.9539800995024875,0.9502487562189055,0.9514925373134329,0.9502487562189055,0.002836257276365997,133
0.07011218070983886,0.008194079181936384,0.01353154182434082,0.0028147438333434418,0.1,0.1,4,scale,linear,"{'svc__C': 0.1, 'svc__coef0': 0.1, 'svc__degree': 4, 'svc__gamma': 'scale', 'svc__kernel': 'linear'}",0.9626865671641791,0.9664179104477612,0.9651741293532339,0.9552238805970149,0.9651741293532339,0.9629353233830846,0.00404181015156019,23
0.12133865356445313,0.006391898892845303,0.056070137023925784,0.0037732458450600525,0.1,0.1,4,scale,rbf,"{'svc__C': 0.1, 'svc__coef0': 0.1, 'svc__degree': 4, 'svc__gamma': 'scale', 'svc__kernel': 'rbf'}",0.9365671641791045,0.9390547263681592,0.945273631840796,0.9415422885572139,0.9402985074626866,0.940547263681592,0.002879561418604541,147
0.12366137504577637,0.011128221635504629,0.028998422622680663,0.005198425029998266,0.1,0.1,4,scale,poly,"{'svc__C': 0.1, 'svc__coef0': 0.1, 'svc__degree': 4, 'svc__gamma': 'scale', 'svc__kernel': 'poly'}",0.9228855721393034,0.9266169154228856,0.927860696517413,0.9303482587064676,0.9203980099502488,0.9256218905472637,0.0035529494669367424,185
0.1700671672821045,0.011110229218305087,0.03525710105895996,0.0023557660425445616,0.1,0.1,4,scale,sigmoid,"{'svc__C': 0.1, 'svc__coef0': 0.1, 'svc__degree': 4, 'svc__gamma': 'scale', 'svc__kernel': 'sigmoid'}",0.945273631840796,0.9502487562189055,0.9539800995024875,0.9502487562189055,0.9514925373134329,0.9502487562189055,0.002836257276365997,133
0.07086038589477539,0.003544194933418237,0.014034032821655273,0.0039024041602028466,0.1,0.1,4,auto,linear,"{'svc__C': 0.1, 'svc__coef0': 0.1, 'svc__degree': 4, 'svc__gamma': 'auto', 'svc__kernel': 'linear'}",0.9626865671641791,0.9664179104477612,0.9651741293532339,0.9552238805970149,0.9651741293532339,0.9629353233830846,0.00404181015156019,23
0.1230097770690918,0.0012924812622577004,0.055207681655883786,0.007159483066982571,0.1,0.1,4,auto,rbf,"{'svc__C': 0.1, 'svc__coef0': 0.1, 'svc__degree': 4, 'svc__gamma': 'auto', 'svc__kernel': 'rbf'}",0.9365671641791045,0.9390547263681592,0.945273631840796,0.9415422885572139,0.9402985074626866,0.940547263681592,0.002879561418604541,147
0.10991888046264649,0.004249852028873721,0.02864694595336914,0.00356897731909079,0.1,0.1,4,auto,poly,"{'svc__C': 0.1, 'svc__coef0': 0.1, 'svc__degree': 4, 'svc__gamma': 'auto', 'svc__kernel': 'poly'}",0.9228855721393034,0.9266169154228856,0.927860696517413,0.9303482587064676,0.9203980099502488,0.9256218905472637,0.0035529494669367424,185
0.15294547080993653,0.008884013847950874,0.03929262161254883,0.008304510448795016,0.1,0.1,4,auto,sigmoid,"{'svc__C': 0.1, 'svc__coef0': 0.1, 'svc__degree': 4, 'svc__gamma': 'auto', 'svc__kernel': 'sigmoid'}",0.945273631840796,0.9502487562189055,0.9539800995024875,0.9502487562189055,0.9514925373134329,0.9502487562189055,0.002836257276365997,133
0.07553262710571289,0.005535971150912833,0.012214565277099609,0.0014341503480044008,0.1,0.5,2,scale,linear,"{'svc__C': 0.1, 'svc__coef0': 0.5, 'svc__degree': 2, 'svc__gamma': 'scale', 'svc__kernel': 'linear'}",0.9626865671641791,0.9664179104477612,0.9651741293532339,0.9552238805970149,0.9651741293532339,0.9629353233830846,0.00404181015156019,23
0.11731696128845215,0.007575473742083537,0.055579423904418945,0.00631261304204768,0.1,0.5,2,scale,rbf,"{'svc__C': 0.1, 'svc__coef0': 0.5, 'svc__degree': 2, 'svc__gamma': 'scale', 'svc__kernel': 'rbf'}",0.9365671641791045,0.9390547263681592,0.945273631840796,0.9415422885572139,0.9402985074626866,0.940547263681592,0.002879561418604541,147
0.08944406509399414,0.009329404465693086,0.020487070083618164,0.002034598427241284,0.1,0.5,2,scale,poly,"{'svc__C': 0.1, 'svc__coef0': 0.5, 'svc__degree': 2, 'svc__gamma': 'scale', 'svc__kernel': 'poly'}",0.9601990049751243,0.9577114427860697,0.9589552238805971,0.9577114427860697,0.9577114427860697,0.958457711442786,0.0009950248756218692,111
0.15721116065979004,0.008622767941940506,0.04076361656188965,0.004999497317982357,0.1,0.5,2,scale,sigmoid,"{'svc__C': 0.1, 'svc__coef0': 0.5, 'svc__degree': 2, 'svc__gamma': 'scale', 'svc__kernel': 'sigmoid'}",0.9353233830845771,0.9402985074626866,0.9415422885572139,0.9365671641791045,0.9291044776119403,0.9365671641791045,0.00437980518946743,167
0.07788238525390626,0.008839743771642232,0.011901092529296876,0.00022416019966948927,0.1,0.5,2,auto,linear,"{'svc__C': 0.1, 'svc__coef0': 0.5, 'svc__degree': 2, 'svc__gamma': 'auto', 'svc__kernel': 'linear'}",0.9626865671641791,0.9664179104477612,0.9651741293532339,0.9552238805970149,0.9651741293532339,0.9629353233830846,0.00404181015156019,23
0.13462257385253906,0.019858143813681742,0.05003514289855957,0.0019202567849024193,0.1,0.5,2,auto,rbf,"{'svc__C': 0.1, 'svc__coef0': 0.5, 'svc__degree': 2, 'svc__gamma': 'auto', 'svc__kernel': 'rbf'}",0.9365671641791045,0.9390547263681592,0.945273631840796,0.9415422885572139,0.9402985074626866,0.940547263681592,0.002879561418604541,147
0.09078636169433593,0.01962396854272628,0.018567228317260744,0.0005449634302104776,0.1,0.5,2,auto,poly,"{'svc__C': 0.1, 'svc__coef0': 0.5, 'svc__degree': 2, 'svc__gamma': 'auto', 'svc__kernel': 'poly'}",0.9601990049751243,0.9577114427860697,0.9589552238805971,0.9577114427860697,0.9577114427860697,0.958457711442786,0.0009950248756218692,111
0.13801989555358887,0.0028364084722466497,0.03258671760559082,0.0013206377857482422,0.1,0.5,2,auto,sigmoid,"{'svc__C': 0.1, 'svc__coef0': 0.5, 'svc__degree': 2, 'svc__gamma': 'auto', 'svc__kernel': 'sigmoid'}",0.9353233830845771,0.9402985074626866,0.9415422885572139,0.9365671641791045,0.9291044776119403,0.9365671641791045,0.00437980518946743,167
0.06837916374206543,0.004007327843126732,0.012816715240478515,0.0005595318721780407,0.1,0.5,3,scale,linear,"{'svc__C': 0.1, 'svc__coef0': 0.5, 'svc__degree': 3, 'svc__gamma': 'scale', 'svc__kernel': 'linear'}",0.9626865671641791,0.9664179104477612,0.9651741293532339,0.9552238805970149,0.9651741293532339,0.9629353233830846,0.00404181015156019,23
0.12377362251281739,0.008786188379158087,0.052046346664428714,0.003964057671538211,0.1,0.5,3,scale,rbf,"{'svc__C': 0.1, 'svc__coef0': 0.5, 'svc__degree': 3, 'svc__gamma': 'scale', 'svc__kernel': 'rbf'}",0.9365671641791045,0.9390547263681592,0.945273631840796,0.9415422885572139,0.9402985074626866,0.940547263681592,0.002879561418604541,147
0.0888338565826416,0.009483994564419429,0.017757606506347657,0.0013041541728859313,0.1,0.5,3,scale,poly,"{'svc__C': 0.1, 'svc__coef0': 0.5, 'svc__degree': 3, 'svc__gamma': 'scale', 'svc__kernel': 'poly'}",0.9577114427860697,0.9564676616915423,0.9601990049751243,0.9589552238805971,0.9651741293532339,0.9597014925373134,0.0030057328292523904,105
0.1523728370666504,0.008479619061008943,0.03312845230102539,0.0016466186522379655,0.1,0.5,3,scale,sigmoid,"{'svc__C': 0.1, 'svc__coef0': 0.5, 'svc__degree': 3, 'svc__gamma': 'scale', 'svc__kernel': 'sigmoid'}",0.9353233830845771,0.9402985074626866,0.9415422885572139,0.9365671641791045,0.9291044776119403,0.9365671641791045,0.00437980518946743,167
0.07664222717285156,0.006956108077306324,0.013890933990478516,0.0016751688926116544,0.1,0.5,3,auto,linear,"{'svc__C': 0.1, 'svc__coef0': 0.5, 'svc__degree': 3, 'svc__gamma': 'auto', 'svc__kernel': 'linear'}",0.9626865671641791,0.9664179104477612,0.9651741293532339,0.9552238805970149,0.9651741293532339,0.9629353233830846,0.00404181015156019,23
0.12681970596313477,0.002090196842745276,0.05233774185180664,0.0017572230938900008,0.1,0.5,3,auto,rbf,"{'svc__C': 0.1, 'svc__coef0': 0.5, 'svc__degree': 3, 'svc__gamma': 'auto', 'svc__kernel': 'rbf'}",0.9365671641791045,0.9390547263681592,0.945273631840796,0.9415422885572139,0.9402985074626866,0.940547263681592,0.002879561418604541,147
0.08569173812866211,0.005306179041006786,0.019142913818359374,0.0020022147402682096,0.1,0.5,3,auto,poly,"{'svc__C': 0.1, 'svc__coef0': 0.5, 'svc__degree': 3, 'svc__gamma': 'auto', 'svc__kernel': 'poly'}",0.9577114427860697,0.9564676616915423,0.9601990049751243,0.9589552238805971,0.9651741293532339,0.9597014925373134,0.0030057328292523904,105
0.1402987003326416,0.004428245548961919,0.033020973205566406,0.0021188928226127815,0.1,0.5,3,auto,sigmoid,"{'svc__C': 0.1, 'svc__coef0': 0.5, 'svc__degree': 3, 'svc__gamma': 'auto', 'svc__kernel': 'sigmoid'}",0.9353233830845771,0.9402985074626866,0.9415422885572139,0.9365671641791045,0.9291044776119403,0.9365671641791045,0.00437980518946743,167
0.06633310317993164,0.001160760272154404,0.012165212631225586,0.00032543074412374177,0.1,0.5,4,scale,linear,"{'svc__C': 0.1, 'svc__coef0': 0.5, 'svc__degree': 4, 'svc__gamma': 'scale', 'svc__kernel': 'linear'}",0.9626865671641791,0.9664179104477612,0.9651741293532339,0.9552238805970149,0.9651741293532339,0.9629353233830846,0.00404181015156019,23
0.12080578804016114,0.0071137203471233436,0.06137657165527344,0.006723113963455307,0.1,0.5,4,scale,rbf,"{'svc__C': 0.1, 'svc__coef0': 0.5, 'svc__degree': 4, 'svc__gamma': 'scale', 'svc__kernel': 'rbf'}",0.9365671641791045,0.9390547263681592,0.945273631840796,0.9415422885572139,0.9402985074626866,0.940547263681592,0.002879561418604541,147
0.10742268562316895,0.014299744261193811,0.028247261047363283,0.010239590583943987,0.1,0.5,4,scale,poly,"{'svc__C': 0.1, 'svc__coef0': 0.5, 'svc__degree': 4, 'svc__gamma': 'scale', 'svc__kernel': 'poly'}",0.9601990049751243,0.9539800995024875,0.9577114427860697,0.9589552238805971,0.9664179104477612,0.959452736318408,0.0040570911518159345,109
0.20311217308044432,0.06736768304637852,0.040058231353759764,0.004557492424181482,0.1,0.5,4,scale,sigmoid,"{'svc__C': 0.1, 'svc__coef0': 0.5, 'svc__degree': 4, 'svc__gamma': 'scale', 'svc__kernel': 'sigmoid'}",0.9353233830845771,0.9402985074626866,0.9415422885572139,0.9365671641791045,0.9291044776119403,0.9365671641791045,0.00437980518946743,167
0.08816099166870117,0.0140934179262731,0.016611051559448243,0.0035082930457033873,0.1,0.5,4,auto,linear,"{'svc__C': 0.1, 'svc__coef0': 0.5, 'svc__degree': 4, 'svc__gamma': 'auto', 'svc__kernel': 'linear'}",0.9626865671641791,0.9664179104477612,0.9651741293532339,0.9552238805970149,0.9651741293532339,0.9629353233830846,0.00404181015156019,23
0.1398233413696289,0.011438190616197599,0.05033168792724609,0.0009517484244564147,0.1,0.5,4,auto,rbf,"{'svc__C': 0.1, 'svc__coef0': 0.5, 'svc__degree': 4, 'svc__gamma': 'auto', 'svc__kernel': 'rbf'}",0.9365671641791045,0.9390547263681592,0.945273631840796,0.9415422885572139,0.9402985074626866,0.940547263681592,0.002879561418604541,147
0.0960770606994629,0.008391031996832065,0.018740224838256835,0.0022585012201574786,0.1,0.5,4,auto,poly,"{'svc__C': 0.1, 'svc__coef0': 0.5, 'svc__degree': 4, 'svc__gamma': 'auto', 'svc__kernel': 'poly'}",0.9601990049751243,0.9539800995024875,0.9577114427860697,0.9589552238805971,0.9664179104477612,0.959452736318408,0.0040570911518159345,109
0.15407114028930663,0.0034509630020859933,0.0365354061126709,0.0019803798738433046,0.1,0.5,4,auto,sigmoid,"{'svc__C': 0.1, 'svc__coef0': 0.5, 'svc__degree': 4, 'svc__gamma': 'auto', 'svc__kernel': 'sigmoid'}",0.9353233830845771,0.9402985074626866,0.9415422885572139,0.9365671641791045,0.9291044776119403,0.9365671641791045,0.00437980518946743,167
0.12352876663208008,0.009741150554231788,0.014570999145507812,0.0036784259615989727,1.0,0.0,2,scale,linear,"{'svc__C': 1, 'svc__coef0': 0.0, 'svc__degree': 2, 'svc__gamma': 'scale', 'svc__kernel': 'linear'}",0.9577114427860697,0.9664179104477612,0.9651741293532339,0.9564676616915423,0.9589552238805971,0.9609452736318408,0.004057091151815932,65
0.11307477951049805,0.007705178879833996,0.0473543643951416,0.009066324006899048,1.0,0.0,2,scale,rbf,"{'svc__C': 1, 'svc__coef0': 0.0, 'svc__degree': 2, 'svc__gamma': 'scale', 'svc__kernel': 'rbf'}",0.9664179104477612,0.9664179104477612,0.9676616915422885,0.9651741293532339,0.9664179104477612,0.9664179104477613,0.00078663623387271,1
0.15563511848449707,0.021702418061255932,0.031477165222167966,0.0038321980333351647,1.0,0.0,2,scale,poly,"{'svc__C': 1, 'svc__coef0': 0.0, 'svc__degree': 2, 'svc__gamma': 'scale', 'svc__kernel': 'poly'}",0.9477611940298507,0.945273631840796,0.9589552238805971,0.9465174129353234,0.9577114427860697,0.9512437810945273,0.005855026017880517,125
0.1611640453338623,0.011183356998451993,0.02983999252319336,0.0045347266016668285,1.0,0.0,2,scale,sigmoid,"{'svc__C': 1, 'svc__coef0': 0.0, 'svc__degree': 2, 'svc__gamma': 'scale', 'svc__kernel': 'sigmoid'}",0.9291044776119403,0.9328358208955224,0.9365671641791045,0.931592039800995,0.9415422885572139,0.9343283582089553,0.004337212879144941,173
0.16204872131347656,0.009870076665088563,0.01287379264831543,0.002272276581361225,1.0,0.0,2,auto,linear,"{'svc__C': 1, 'svc__coef0': 0.0, 'svc__degree': 2, 'svc__gamma': 'auto', 'svc__kernel': 'linear'}",0.9577114427860697,0.9664179104477612,0.9651741293532339,0.9564676616915423,0.9589552238805971,0.9609452736318408,0.004057091151815932,65
0.09920277595520019,0.012800452537385737,0.03749094009399414,0.0029009648095290118,1.0,0.0,2,auto,rbf,"{'svc__C': 1, 'svc__coef0': 0.0, 'svc__degree': 2, 'svc__gamma': 'auto', 'svc__kernel': 'rbf'}",0.9664179104477612,0.9664179104477612,0.9676616915422885,0.9651741293532339,0.9664179104477612,0.9664179104477613,0.00078663623387271,1
0.10200958251953125,0.0070459321921764375,0.02035355567932129,0.004162169470007877,1.0,0.0,2,auto,poly,"{'svc__C': 1, 'svc__coef0': 0.0, 'svc__degree': 2, 'svc__gamma': 'auto', 'svc__kernel': 'poly'}",0.9477611940298507,0.945273631840796,0.9589552238805971,0.9465174129353234,0.9577114427860697,0.9512437810945273,0.005855026017880517,125
0.10061836242675781,0.007882381510967205,0.019269132614135744,0.0009791725894916794,1.0,0.0,2,auto,sigmoid,"{'svc__C': 1, 'svc__coef0': 0.0, 'svc__degree': 2, 'svc__gamma': 'auto', 'svc__kernel': 'sigmoid'}",0.9291044776119403,0.9328358208955224,0.9365671641791045,0.931592039800995,0.9415422885572139,0.9343283582089553,0.004337212879144941,173
0.11499595642089844,0.00890645922832902,0.011656665802001953,0.0009307870928376359,1.0,0.0,3,scale,linear,"{'svc__C': 1, 'svc__coef0': 0.0, 'svc__degree': 3, 'svc__gamma': 'scale', 'svc__kernel': 'linear'}",0.9577114427860697,0.9664179104477612,0.9651741293532339,0.9564676616915423,0.9589552238805971,0.9609452736318408,0.004057091151815932,65
0.09171676635742188,0.001858449361358192,0.039713573455810544,0.003552058882737943,1.0,0.0,3,scale,rbf,"{'svc__C': 1, 'svc__coef0': 0.0, 'svc__degree': 3, 'svc__gamma': 'scale', 'svc__kernel': 'rbf'}",0.9664179104477612,0.9664179104477612,0.9676616915422885,0.9651741293532339,0.9664179104477612,0.9664179104477613,0.00078663623387271,1
0.10843696594238281,0.004417315094894088,0.019719648361206054,0.00022033274169786115,1.0,0.0,3,scale,poly,"{'svc__C': 1, 'svc__coef0': 0.0, 'svc__degree': 3, 'svc__gamma': 'scale', 'svc__kernel': 'poly'}",0.9477611940298507,0.9514925373134329,0.9601990049751243,0.9527363184079602,0.9577114427860697,0.9539800995024876,0.004449886522387639,119
0.08975152969360352,0.0073666463915801365,0.02112584114074707,0.0033290042406200373,1.0,0.0,3,scale,sigmoid,"{'svc__C': 1, 'svc__coef0': 0.0, 'svc__degree': 3, 'svc__gamma': 'scale', 'svc__kernel': 'sigmoid'}",0.9291044776119403,0.9328358208955224,0.9365671641791045,0.931592039800995,0.9415422885572139,0.9343283582089553,0.004337212879144941,173
0.12306437492370606,0.008639855604992008,0.013380908966064453,0.003255421292443739,1.0,0.0,3,auto,linear,"{'svc__C': 1, 'svc__coef0': 0.0, 'svc__degree': 3, 'svc__gamma': 'auto', 'svc__kernel': 'linear'}",0.9577114427860697,0.9664179104477612,0.9651741293532339,0.9564676616915423,0.9589552238805971,0.9609452736318408,0.004057091151815932,65
0.10102248191833496,0.007838342004747199,0.04225339889526367,0.0068558966511505,1.0,0.0,3,auto,rbf,"{'svc__C': 1, 'svc__coef0': 0.0, 'svc__degree': 3, 'svc__gamma': 'auto', 'svc__kernel': 'rbf'}",0.9664179104477612,0.9664179104477612,0.9676616915422885,0.9651741293532339,0.9664179104477612,0.9664179104477613,0.00078663623387271,1
0.10347199440002441,0.003941305352449517,0.020854711532592773,0.0012327477763817943,1.0,0.0,3,auto,poly,"{'svc__C': 1, 'svc__coef0': 0.0, 'svc__degree': 3, 'svc__gamma': 'auto', 'svc__kernel': 'poly'}",0.9477611940298507,0.9514925373134329,0.9601990049751243,0.9527363184079602,0.9577114427860697,0.9539800995024876,0.004449886522387639,119
0.08897829055786133,0.00823353001725358,0.022704172134399413,0.006958440155606434,1.0,0.0,3,auto,sigmoid,"{'svc__C': 1, 'svc__coef0': 0.0, 'svc__degree': 3, 'svc__gamma': 'auto', 'svc__kernel': 'sigmoid'}",0.9291044776119403,0.9328358208955224,0.9365671641791045,0.931592039800995,0.9415422885572139,0.9343283582089553,0.004337212879144941,173
0.13421735763549805,0.014702216981184665,0.015257740020751953,0.004872162374920498,1.0,0.0,4,scale,linear,"{'svc__C': 1, 'svc__coef0': 0.0, 'svc__degree': 4, 'svc__gamma': 'scale', 'svc__kernel': 'linear'}",0.9577114427860697,0.9664179104477612,0.9651741293532339,0.9564676616915423,0.9589552238805971,0.9609452736318408,0.004057091151815932,65
0.10852899551391601,0.014842409841374686,0.040709829330444335,0.0042695920771385655,1.0,0.0,4,scale,rbf,"{'svc__C': 1, 'svc__coef0': 0.0, 'svc__degree': 4, 'svc__gamma': 'scale', 'svc__kernel': 'rbf'}",0.9664179104477612,0.9664179104477612,0.9676616915422885,0.9651741293532339,0.9664179104477612,0.9664179104477613,0.00078663623387271,1
0.13985004425048828,0.00557369737423664,0.02944040298461914,0.0026076677183733397,1.0,0.0,4,scale,poly,"{'svc__C': 1, 'svc__coef0': 0.0, 'svc__degree': 4, 'svc__gamma': 'scale', 'svc__kernel': 'poly'}",0.9465174129353234,0.9427860696517413,0.9415422885572139,0.9427860696517413,0.9465174129353234,0.9440298507462688,0.0020812438470997276,145
0.09929828643798828,0.008341692006946616,0.021130943298339845,0.002448300403714373,1.0,0.0,4,scale,sigmoid,"{'svc__C': 1, 'svc__coef0': 0.0, 'svc__degree': 4, 'svc__gamma': 'scale', 'svc__kernel': 'sigmoid'}",0.9291044776119403,0.9328358208955224,0.9365671641791045,0.931592039800995,0.9415422885572139,0.9343283582089553,0.004337212879144941,173
0.12596540451049804,0.004109372568660415,0.01219172477722168,0.002013927839393445,1.0,0.0,4,auto,linear,"{'svc__C': 1, 'svc__coef0': 0.0, 'svc__degree': 4, 'svc__gamma': 'auto', 'svc__kernel': 'linear'}",0.9577114427860697,0.9664179104477612,0.9651741293532339,0.9564676616915423,0.9589552238805971,0.9609452736318408,0.004057091151815932,65
0.10354776382446289,0.0065470538797827394,0.04048013687133789,0.004208964991280278,1.0,0.0,4,auto,rbf,"{'svc__C': 1, 'svc__coef0': 0.0, 'svc__degree': 4, 'svc__gamma': 'auto', 'svc__kernel': 'rbf'}",0.9664179104477612,0.9664179104477612,0.9676616915422885,0.9651741293532339,0.9664179104477612,0.9664179104477613,0.00078663623387271,1
0.13848986625671386,0.005625730763248056,0.026642322540283203,0.0020818316872706142,1.0,0.0,4,auto,poly,"{'svc__C': 1, 'svc__coef0': 0.0, 'svc__degree': 4, 'svc__gamma': 'auto', 'svc__kernel': 'poly'}",0.9465174129353234,0.9427860696517413,0.9415422885572139,0.9427860696517413,0.9465174129353234,0.9440298507462688,0.0020812438470997276,145
0.08645367622375488,0.007665293275567712,0.018373584747314452,0.0007224748064651495,1.0,0.0,4,auto,sigmoid,"{'svc__C': 1, 'svc__coef0': 0.0, 'svc__degree': 4, 'svc__gamma': 'auto', 'svc__kernel': 'sigmoid'}",0.9291044776119403,0.9328358208955224,0.9365671641791045,0.931592039800995,0.9415422885572139,0.9343283582089553,0.004337212879144941,173
0.11255025863647461,0.007064681522990253,0.012044429779052734,0.0013763282967676248,1.0,0.1,2,scale,linear,"{'svc__C': 1, 'svc__coef0': 0.1, 'svc__degree': 2, 'svc__gamma': 'scale', 'svc__kernel': 'linear'}",0.9577114427860697,0.9664179104477612,0.9651741293532339,0.9564676616915423,0.9589552238805971,0.9609452736318408,0.004057091151815932,65
0.093572998046875,0.006278189291211697,0.03661847114562988,0.0020037670329754935,1.0,0.1,2,scale,rbf,"{'svc__C': 1, 'svc__coef0': 0.1, 'svc__degree': 2, 'svc__gamma': 'scale', 'svc__kernel': 'rbf'}",0.9664179104477612,0.9664179104477612,0.9676616915422885,0.9651741293532339,0.9664179104477612,0.9664179104477613,0.00078663623387271,1
0.07818021774291992,0.0030021061377665938,0.01826300621032715,0.003696275216819994,1.0,0.1,2,scale,poly,"{'svc__C': 1, 'svc__coef0': 0.1, 'svc__degree': 2, 'svc__gamma': 'scale', 'svc__kernel': 'poly'}",0.9639303482587065,0.9639303482587065,0.9651741293532339,0.9552238805970149,0.9664179104477612,0.9629353233830846,0.003964521753858024,23
0.09126148223876954,0.004291651799928015,0.021822404861450196,0.0019091326798077472,1.0,0.1,2,scale,sigmoid,"{'svc__C': 1, 'svc__coef0': 0.1, 'svc__degree': 2, 'svc__gamma': 'scale', 'svc__kernel': 'sigmoid'}",0.927860696517413,0.9291044776119403,0.931592039800995,0.927860696517413,0.931592039800995,0.9296019900497512,0.0016871467619714439,179
0.1152524471282959,0.009598163523471832,0.01314373016357422,0.0013372978430221253,1.0,0.1,2,auto,linear,"{'svc__C': 1, 'svc__coef0': 0.1, 'svc__degree': 2, 'svc__gamma': 'auto', 'svc__kernel': 'linear'}",0.9577114427860697,0.9664179104477612,0.9651741293532339,0.9564676616915423,0.9589552238805971,0.9609452736318408,0.004057091151815932,65
0.09193859100341797,0.0056127416745900185,0.03653903007507324,0.00140853057544744,1.0,0.1,2,auto,rbf,"{'svc__C': 1, 'svc__coef0': 0.1, 'svc__degree': 2, 'svc__gamma': 'auto', 'svc__kernel': 'rbf'}",0.9664179104477612,0.9664179104477612,0.9676616915422885,0.9651741293532339,0.9664179104477612,0.9664179104477613,0.00078663623387271,1
0.0756575584411621,0.0010155400506048305,0.015056180953979491,0.0013321257380991107,1.0,0.1,2,auto,poly,"{'svc__C': 1, 'svc__coef0': 0.1, 'svc__degree': 2, 'svc__gamma': 'auto', 'svc__kernel': 'poly'}",0.9639303482587065,0.9639303482587065,0.9651741293532339,0.9552238805970149,0.9664179104477612,0.9629353233830846,0.003964521753858024,23
0.08487005233764648,0.006347842174008515,0.01787114143371582,0.000631674518258088,1.0,0.1,2,auto,sigmoid,"{'svc__C': 1, 'svc__coef0': 0.1, 'svc__degree': 2, 'svc__gamma': 'auto', 'svc__kernel': 'sigmoid'}",0.927860696517413,0.9291044776119403,0.931592039800995,0.927860696517413,0.931592039800995,0.9296019900497512,0.0016871467619714439,179
0.11535406112670898,0.00544922295668898,0.011670255661010742,0.0012615439155692423,1.0,0.1,3,scale,linear,"{'svc__C': 1, 'svc__coef0': 0.1, 'svc__degree': 3, 'svc__gamma': 'scale', 'svc__kernel': 'linear'}",0.9577114427860697,0.9664179104477612,0.9651741293532339,0.9564676616915423,0.9589552238805971,0.9609452736318408,0.004057091151815932,65
0.09267916679382324,0.0026587591976986098,0.03848557472229004,0.0033104995510298565,1.0,0.1,3,scale,rbf,"{'svc__C': 1, 'svc__coef0': 0.1, 'svc__degree': 3, 'svc__gamma': 'scale', 'svc__kernel': 'rbf'}",0.9664179104477612,0.9664179104477612,0.9676616915422885,0.9651741293532339,0.9664179104477612,0.9664179104477613,0.00078663623387271,1
0.10005393028259277,0.005719089623749425,0.0183870792388916,0.0009333085960075491,1.0,0.1,3,scale,poly,"{'svc__C': 1, 'svc__coef0': 0.1, 'svc__degree': 3, 'svc__gamma': 'scale', 'svc__kernel': 'poly'}",0.9601990049751243,0.9577114427860697,0.9664179104477612,0.9614427860696517,0.9614427860696517,0.9614427860696517,0.002836257276365997,43
0.08368802070617676,0.005610102637359696,0.018559026718139648,0.0024542894524452723,1.0,0.1,3,scale,sigmoid,"{'svc__C': 1, 'svc__coef0': 0.1, 'svc__degree': 3, 'svc__gamma': 'scale', 'svc__kernel': 'sigmoid'}",0.927860696517413,0.9291044776119403,0.931592039800995,0.927860696517413,0.931592039800995,0.9296019900497512,0.0016871467619714439,179
0.12575225830078124,0.021440978129448004,0.029657316207885743,0.03619806660328843,1.0,0.1,3,auto,linear,"{'svc__C': 1, 'svc__coef0': 0.1, 'svc__degree': 3, 'svc__gamma': 'auto', 'svc__kernel': 'linear'}",0.9577114427860697,0.9664179104477612,0.9651741293532339,0.9564676616915423,0.9589552238805971,0.9609452736318408,0.004057091151815932,65
0.10651721954345703,0.004563582894751679,0.036928558349609376,0.001562715515008689,1.0,0.1,3,auto,rbf,"{'svc__C': 1, 'svc__coef0': 0.1, 'svc__degree': 3, 'svc__gamma': 'auto', 'svc__kernel': 'rbf'}",0.9664179104477612,0.9664179104477612,0.9676616915422885,0.9651741293532339,0.9664179104477612,0.9664179104477613,0.00078663623387271,1
0.09320554733276368,0.0036572710519191163,0.01902461051940918,0.0014260536273519968,1.0,0.1,3,auto,poly,"{'svc__C': 1, 'svc__coef0': 0.1, 'svc__degree': 3, 'svc__gamma': 'auto', 'svc__kernel': 'poly'}",0.9601990049751243,0.9577114427860697,0.9664179104477612,0.9614427860696517,0.9614427860696517,0.9614427860696517,0.002836257276365997,43
0.0892683982849121,0.003962852809787912,0.02005901336669922,0.004123640977111731,1.0,0.1,3,auto,sigmoid,"{'svc__C': 1, 'svc__coef0': 0.1, 'svc__degree': 3, 'svc__gamma': 'auto', 'svc__kernel': 'sigmoid'}",0.927860696517413,0.9291044776119403,0.931592039800995,0.927860696517413,0.931592039800995,0.9296019900497512,0.0016871467619714439,179
0.126934814453125,0.01569892040438639,0.014209794998168945,0.003970653496138862,1.0,0.1,4,scale,linear,"{'svc__C': 1, 'svc__coef0': 0.1, 'svc__degree': 4, 'svc__gamma': 'scale', 'svc__kernel': 'linear'}",0.9577114427860697,0.9664179104477612,0.9651741293532339,0.9564676616915423,0.9589552238805971,0.9609452736318408,0.004057091151815932,65
0.0982217788696289,0.013422947570218969,0.04189801216125488,0.009627920403107053,1.0,0.1,4,scale,rbf,"{'svc__C': 1, 'svc__coef0': 0.1, 'svc__degree': 4, 'svc__gamma': 'scale', 'svc__kernel': 'rbf'}",0.9664179104477612,0.9664179104477612,0.9676616915422885,0.9651741293532339,0.9664179104477612,0.9664179104477613,0.00078663623387271,1
0.11907486915588379,0.013605691742960762,0.02418208122253418,0.0026967731396969276,1.0,0.1,4,scale,poly,"{'svc__C': 1, 'svc__coef0': 0.1, 'svc__degree': 4, 'svc__gamma': 'scale', 'svc__kernel': 'poly'}",0.9539800995024875,0.9539800995024875,0.9589552238805971,0.9502487562189055,0.9552238805970149,0.9544776119402985,0.002792281631920868,117
0.09365463256835938,0.012701810916751816,0.018318843841552735,0.000697338704885805,1.0,0.1,4,scale,sigmoid,"{'svc__C': 1, 'svc__coef0': 0.1, 'svc__degree': 4, 'svc__gamma': 'scale', 'svc__kernel': 'sigmoid'}",0.927860696517413,0.9291044776119403,0.931592039800995,0.927860696517413,0.931592039800995,0.9296019900497512,0.0016871467619714439,179
0.11309928894042968,0.006306230776242427,0.011610841751098633,0.0010831885678598784,1.0,0.1,4,auto,linear,"{'svc__C': 1, 'svc__coef0': 0.1, 'svc__degree': 4, 'svc__gamma': 'auto', 'svc__kernel': 'linear'}",0.9577114427860697,0.9664179104477612,0.9651741293532339,0.9564676616915423,0.9589552238805971,0.9609452736318408,0.004057091151815932,65
0.09259605407714844,0.004926246403894194,0.036185598373413085,0.0012605545451292424,1.0,0.1,4,auto,rbf,"{'svc__C': 1, 'svc__coef0': 0.1, 'svc__degree': 4, 'svc__gamma': 'auto', 'svc__kernel': 'rbf'}",0.9664179104477612,0.9664179104477612,0.9676616915422885,0.9651741293532339,0.9664179104477612,0.9664179104477613,0.00078663623387271,1
0.11263446807861328,0.0024074203480794866,0.021283817291259766,0.000947991910965277,1.0,0.1,4,auto,poly,"{'svc__C': 1, 'svc__coef0': 0.1, 'svc__degree': 4, 'svc__gamma': 'auto', 'svc__kernel': 'poly'}",0.9539800995024875,0.9539800995024875,0.9589552238805971,0.9502487562189055,0.9552238805970149,0.9544776119402985,0.002792281631920868,117
0.08517770767211914,0.007211749636312354,0.017496633529663085,0.0010673733608445185,1.0,0.1,4,auto,sigmoid,"{'svc__C': 1, 'svc__coef0': 0.1, 'svc__degree': 4, 'svc__gamma': 'auto', 'svc__kernel': 'sigmoid'}",0.927860696517413,0.9291044776119403,0.931592039800995,0.927860696517413,0.931592039800995,0.9296019900497512,0.0016871467619714439,179
0.11451163291931152,0.004003574717238853,0.011394500732421875,0.0008204022315702235,1.0,0.5,2,scale,linear,"{'svc__C': 1, 'svc__coef0': 0.5, 'svc__degree': 2, 'svc__gamma': 'scale', 'svc__kernel': 'linear'}",0.9577114427860697,0.9664179104477612,0.9651741293532339,0.9564676616915423,0.9589552238805971,0.9609452736318408,0.004057091151815932,65
0.0911890983581543,0.0030482978556178007,0.03591279983520508,0.0009865632593346033,1.0,0.5,2,scale,rbf,"{'svc__C': 1, 'svc__coef0': 0.5, 'svc__degree': 2, 'svc__gamma': 'scale', 'svc__kernel': 'rbf'}",0.9664179104477612,0.9664179104477612,0.9676616915422885,0.9651741293532339,0.9664179104477612,0.9664179104477613,0.00078663623387271,1
0.07158837318420411,0.004029901017263301,0.01342463493347168,0.0002851049603492379,1.0,0.5,2,scale,poly,"{'svc__C': 1, 'svc__coef0': 0.5, 'svc__degree': 2, 'svc__gamma': 'scale', 'svc__kernel': 'poly'}",0.9639303482587065,0.9701492537313433,0.9664179104477612,0.9552238805970149,0.9651741293532339,0.964179104477612,0.004937669960517227,19
0.07778263092041016,0.010391152680422826,0.018579578399658202,0.0062765146676957255,1.0,0.5,2,scale,sigmoid,"{'svc__C': 1, 'svc__coef0': 0.5, 'svc__degree': 2, 'svc__gamma': 'scale', 'svc__kernel': 'sigmoid'}",0.9079601990049752,0.914179104477612,0.9203980099502488,0.9017412935323383,0.9116915422885572,0.9111940298507463,0.006223878608555623,203
0.12424244880676269,0.00824918070024314,0.014385604858398437,0.004459910471474378,1.0,0.5,2,auto,linear,"{'svc__C': 1, 'svc__coef0': 0.5, 'svc__degree': 2, 'svc__gamma': 'auto', 'svc__kernel': 'linear'}",0.9577114427860697,0.9664179104477612,0.9651741293532339,0.9564676616915423,0.9589552238805971,0.9609452736318408,0.004057091151815932,65
0.09700355529785157,0.0031611481946281425,0.03754782676696777,0.0029296176577354232,1.0,0.5,2,auto,rbf,"{'svc__C': 1, 'svc__coef0': 0.5, 'svc__degree': 2, 'svc__gamma': 'auto', 'svc__kernel': 'rbf'}",0.9664179104477612,0.9664179104477612,0.9676616915422885,0.9651741293532339,0.9664179104477612,0.9664179104477613,0.00078663623387271,1
0.07274484634399414,0.002131733199721138,0.013207817077636718,0.00047393386084312346,1.0,0.5,2,auto,poly,"{'svc__C': 1, 'svc__coef0': 0.5, 'svc__degree': 2, 'svc__gamma': 'auto', 'svc__kernel': 'poly'}",0.9639303482587065,0.9701492537313433,0.9664179104477612,0.9552238805970149,0.9651741293532339,0.964179104477612,0.004937669960517227,19
0.07259364128112793,0.005645755481879963,0.01669917106628418,0.0009319865462292083,1.0,0.5,2,auto,sigmoid,"{'svc__C': 1, 'svc__coef0': 0.5, 'svc__degree': 2, 'svc__gamma': 'auto', 'svc__kernel': 'sigmoid'}",0.9079601990049752,0.914179104477612,0.9203980099502488,0.9017412935323383,0.9116915422885572,0.9111940298507463,0.006223878608555623,203
0.11620440483093261,0.009248609895788587,0.015560674667358398,0.002345336533700887,1.0,0.5,3,scale,linear,"{'svc__C': 1, 'svc__coef0': 0.5, 'svc__degree': 3, 'svc__gamma': 'scale', 'svc__kernel': 'linear'}",0.9577114427860697,0.9664179104477612,0.9651741293532339,0.9564676616915423,0.9589552238805971,0.9609452736318408,0.004057091151815932,65
0.10437479019165039,0.006578296997801808,0.03764133453369141,0.0020490125543249278,1.0,0.5,3,scale,rbf,"{'svc__C': 1, 'svc__coef0': 0.5, 'svc__degree': 3, 'svc__gamma': 'scale', 'svc__kernel': 'rbf'}",0.9664179104477612,0.9664179104477612,0.9676616915422885,0.9651741293532339,0.9664179104477612,0.9664179104477613,0.00078663623387271,1
0.08324542045593261,0.006246542372910697,0.01368708610534668,0.0004688056573834368,1.0,0.5,3,scale,poly,"{'svc__C': 1, 'svc__coef0': 0.5, 'svc__degree': 3, 'svc__gamma': 'scale', 'svc__kernel': 'poly'}",0.9614427860696517,0.9614427860696517,0.9664179104477612,0.9639303482587065,0.9626865671641791,0.9631840796019902,0.001861521087947229,21
0.0709951400756836,0.0019005606228627635,0.01613326072692871,0.0002863414241899474,1.0,0.5,3,scale,sigmoid,"{'svc__C': 1, 'svc__coef0': 0.5, 'svc__degree': 3, 'svc__gamma': 'scale', 'svc__kernel': 'sigmoid'}",0.9079601990049752,0.914179104477612,0.9203980099502488,0.9017412935323383,0.9116915422885572,0.9111940298507463,0.006223878608555623,203
0.11485462188720703,0.006189355437664365,0.011658000946044921,0.001869487822046694,1.0,0.5,3,auto,linear,"{'svc__C': 1, 'svc__coef0': 0.5, 'svc__degree': 3, 'svc__gamma': 'auto', 'svc__kernel': 'linear'}",0.9577114427860697,0.9664179104477612,0.9651741293532339,0.9564676616915423,0.9589552238805971,0.9609452736318408,0.004057091151815932,65
0.09378957748413086,0.004938367368147891,0.0362584114074707,0.0018897183663544677,1.0,0.5,3,auto,rbf,"{'svc__C': 1, 'svc__coef0': 0.5, 'svc__degree': 3, 'svc__gamma': 'auto', 'svc__kernel': 'rbf'}",0.9664179104477612,0.9664179104477612,0.9676616915422885,0.9651741293532339,0.9664179104477612,0.9664179104477613,0.00078663623387271,1
0.07410774230957032,0.002123188128464835,0.015075302124023438,0.002091017836545149,1.0,0.5,3,auto,poly,"{'svc__C': 1, 'svc__coef0': 0.5, 'svc__degree': 3, 'svc__gamma': 'auto', 'svc__kernel': 'poly'}",0.9614427860696517,0.9614427860696517,0.9664179104477612,0.9639303482587065,0.9626865671641791,0.9631840796019902,0.001861521087947229,21
0.07996115684509278,0.01024708315586676,0.023578548431396486,0.007679718423382549,1.0,0.5,3,auto,sigmoid,"{'svc__C': 1, 'svc__coef0': 0.5, 'svc__degree': 3, 'svc__gamma': 'auto', 'svc__kernel': 'sigmoid'}",0.9079601990049752,0.914179104477612,0.9203980099502488,0.9017412935323383,0.9116915422885572,0.9111940298507463,0.006223878608555623,203
0.12313933372497558,0.00420274350919386,0.01158609390258789,0.0016867752280239022,1.0,0.5,4,scale,linear,"{'svc__C': 1, 'svc__coef0': 0.5, 'svc__degree': 4, 'svc__gamma': 'scale', 'svc__kernel': 'linear'}",0.9577114427860697,0.9664179104477612,0.9651741293532339,0.9564676616915423,0.9589552238805971,0.9609452736318408,0.004057091151815932,65
0.09423284530639649,0.0009479960243443354,0.03583378791809082,0.001552955562825026,1.0,0.5,4,scale,rbf,"{'svc__C': 1, 'svc__coef0': 0.5, 'svc__degree': 4, 'svc__gamma': 'scale', 'svc__kernel': 'rbf'}",0.9664179104477612,0.9664179104477612,0.9676616915422885,0.9651741293532339,0.9664179104477612,0.9664179104477613,0.00078663623387271,1
0.08349003791809081,0.0018642681175494644,0.01611919403076172,0.0013635781181047886,1.0,0.5,4,scale,poly,"{'svc__C': 1, 'svc__coef0': 0.5, 'svc__degree': 4, 'svc__gamma': 'scale', 'svc__kernel': 'poly'}",0.9639303482587065,0.9539800995024875,0.9626865671641791,0.9614427860696517,0.9564676616915423,0.9597014925373134,0.0038214655462033035,105
0.07149314880371094,0.0008895434568904787,0.01783151626586914,0.0021745215721630426,1.0,0.5,4,scale,sigmoid,"{'svc__C': 1, 'svc__coef0': 0.5, 'svc__degree': 4, 'svc__gamma': 'scale', 'svc__kernel': 'sigmoid'}",0.9079601990049752,0.914179104477612,0.9203980099502488,0.9017412935323383,0.9116915422885572,0.9111940298507463,0.006223878608555623,203
0.11381301879882813,0.008557150106101518,0.011065292358398437,0.0003766700695421985,1.0,0.5,4,auto,linear,"{'svc__C': 1, 'svc__coef0': 0.5, 'svc__degree': 4, 'svc__gamma': 'auto', 'svc__kernel': 'linear'}",0.9577114427860697,0.9664179104477612,0.9651741293532339,0.9564676616915423,0.9589552238805971,0.9609452736318408,0.004057091151815932,65
0.08960494995117188,0.0025025380602203442,0.036481475830078124,0.0022598502402907377,1.0,0.5,4,auto,rbf,"{'svc__C': 1, 'svc__coef0': 0.5, 'svc__degree': 4, 'svc__gamma': 'auto', 'svc__kernel': 'rbf'}",0.9664179104477612,0.9664179104477612,0.9676616915422885,0.9651741293532339,0.9664179104477612,0.9664179104477613,0.00078663623387271,1
0.08183526992797852,0.0031876480249367575,0.015468263626098632,0.0005096246646618218,1.0,0.5,4,auto,poly,"{'svc__C': 1, 'svc__coef0': 0.5, 'svc__degree': 4, 'svc__gamma': 'auto', 'svc__kernel': 'poly'}",0.9639303482587065,0.9539800995024875,0.9626865671641791,0.9614427860696517,0.9564676616915423,0.9597014925373134,0.0038214655462033035,105
0.07153921127319336,0.002022679080377713,0.016553592681884766,0.0010223152296692877,1.0,0.5,4,auto,sigmoid,"{'svc__C': 1, 'svc__coef0': 0.5, 'svc__degree': 4, 'svc__gamma': 'auto', 'svc__kernel': 'sigmoid'}",0.9079601990049752,0.914179104477612,0.9203980099502488,0.9017412935323383,0.9116915422885572,0.9111940298507463,0.006223878608555623,203
0.5864768981933594,0.0622094200532998,0.01162128448486328,0.0006200596939255756,10.0,0.0,2,scale,linear,"{'svc__C': 10, 'svc__coef0': 0.0, 'svc__degree': 2, 'svc__gamma': 'scale', 'svc__kernel': 'linear'}",0.9589552238805971,0.9664179104477612,0.9639303482587065,0.9577114427860697,0.9601990049751243,0.9614427860696517,0.0032433842811953285,43
0.1280374050140381,0.021710553422858884,0.05145134925842285,0.003833264234992393,10.0,0.0,2,scale,rbf,"{'svc__C': 10, 'svc__coef0': 0.0, 'svc__degree': 2, 'svc__gamma': 'scale', 'svc__kernel': 'rbf'}",0.9601990049751243,0.9564676616915423,0.9614427860696517,0.9614427860696517,0.9601990049751243,0.9599502487562189,0.0018279774199874365,85
0.1467747688293457,0.0169179821708138,0.01519918441772461,0.0015067295088538868,10.0,0.0,2,scale,poly,"{'svc__C': 10, 'svc__coef0': 0.0, 'svc__degree': 2, 'svc__gamma': 'scale', 'svc__kernel': 'poly'}",0.9564676616915423,0.945273631840796,0.9614427860696517,0.9564676616915423,0.9477611940298507,0.9534825870646767,0.006021750466124476,121
0.0915719985961914,0.035991905498370044,0.017071628570556642,0.0019924919960197848,10.0,0.0,2,scale,sigmoid,"{'svc__C': 10, 'svc__coef0': 0.0, 'svc__degree': 2, 'svc__gamma': 'scale', 'svc__kernel': 'sigmoid'}",0.9266169154228856,0.914179104477612,0.9191542288557214,0.9291044776119403,0.9266169154228856,0.923134328358209,0.005584563263841691,195
0.5116323947906494,0.05123290699925055,0.011720800399780273,0.0014453239274086693,10.0,0.0,2,auto,linear,"{'svc__C': 10, 'svc__coef0': 0.0, 'svc__degree': 2, 'svc__gamma': 'auto', 'svc__kernel': 'linear'}",0.9589552238805971,0.9664179104477612,0.9639303482587065,0.9577114427860697,0.9601990049751243,0.9614427860696517,0.0032433842811953285,43
0.10319976806640625,0.0071480872529085275,0.03721342086791992,0.005369057333209687,10.0,0.0,2,auto,rbf,"{'svc__C': 10, 'svc__coef0': 0.0, 'svc__degree': 2, 'svc__gamma': 'auto', 'svc__kernel': 'rbf'}",0.9601990049751243,0.9564676616915423,0.9614427860696517,0.9614427860696517,0.9601990049751243,0.9599502487562189,0.0018279774199874365,85
0.12878041267395018,0.005142055547654492,0.014241743087768554,0.00038562718691470635,10.0,0.0,2,auto,poly,"{'svc__C': 10, 'svc__coef0': 0.0, 'svc__degree': 2, 'svc__gamma': 'auto', 'svc__kernel': 'poly'}",0.9564676616915423,0.945273631840796,0.9614427860696517,0.9564676616915423,0.9477611940298507,0.9534825870646767,0.006021750466124476,121
0.06911640167236328,0.004034812262521781,0.01571793556213379,0.0005111098343707381,10.0,0.0,2,auto,sigmoid,"{'svc__C': 10, 'svc__coef0': 0.0, 'svc__degree': 2, 'svc__gamma': 'auto', 'svc__kernel': 'sigmoid'}",0.9266169154228856,0.914179104477612,0.9191542288557214,0.9291044776119403,0.9266169154228856,0.923134328358209,0.005584563263841691,195
0.5777096748352051,0.07021716174182678,0.02918543815612793,0.020175937975279733,10.0,0.0,3,scale,linear,"{'svc__C': 10, 'svc__coef0': 0.0, 'svc__degree': 3, 'svc__gamma': 'scale', 'svc__kernel': 'linear'}",0.9589552238805971,0.9664179104477612,0.9639303482587065,0.9577114427860697,0.9601990049751243,0.9614427860696517,0.0032433842811953285,43
0.11385531425476074,0.005261994937856683,0.04832029342651367,0.006863143688673777,10.0,0.0,3,scale,rbf,"{'svc__C': 10, 'svc__coef0': 0.0, 'svc__degree': 3, 'svc__gamma': 'scale', 'svc__kernel': 'rbf'}",0.9601990049751243,0.9564676616915423,0.9614427860696517,0.9614427860696517,0.9601990049751243,0.9599502487562189,0.0018279774199874365,85
0.17096219062805176,0.03382790313351908,0.022960805892944337,0.0015736562282001498,10.0,0.0,3,scale,poly,"{'svc__C': 10, 'svc__coef0': 0.0, 'svc__degree': 3, 'svc__gamma': 'scale', 'svc__kernel': 'poly'}",0.9440298507462687,0.9427860696517413,0.9552238805970149,0.9539800995024875,0.9465174129353234,0.9485074626865672,0.005134270507599561,139
0.13579239845275878,0.01577697174699524,0.02119479179382324,0.0035981970587509347,10.0,0.0,3,scale,sigmoid,"{'svc__C': 10, 'svc__coef0': 0.0, 'svc__degree': 3, 'svc__gamma': 'scale', 'svc__kernel': 'sigmoid'}",0.9266169154228856,0.914179104477612,0.9191542288557214,0.9291044776119403,0.9266169154228856,0.923134328358209,0.005584563263841691,195
0.6564188957214355,0.05654212485591094,0.012611961364746094,0.0020815558146840387,10.0,0.0,3,auto,linear,"{'svc__C': 10, 'svc__coef0': 0.0, 'svc__degree': 3, 'svc__gamma': 'auto', 'svc__kernel': 'linear'}",0.9589552238805971,0.9664179104477612,0.9639303482587065,0.9577114427860697,0.9601990049751243,0.9614427860696517,0.0032433842811953285,43
0.14196581840515138,0.0198042420014878,0.04370284080505371,0.006230201572246396,10.0,0.0,3,auto,rbf,"{'svc__C': 10, 'svc__coef0': 0.0, 'svc__degree': 3, 'svc__gamma': 'auto', 'svc__kernel': 'rbf'}",0.9601990049751243,0.9564676616915423,0.9614427860696517,0.9614427860696517,0.9601990049751243,0.9599502487562189,0.0018279774199874365,85
0.1443401336669922,0.015995671457599742,0.020502281188964844,0.001626604715680642,10.0,0.0,3,auto,poly,"{'svc__C': 10, 'svc__coef0': 0.0, 'svc__degree': 3, 'svc__gamma': 'auto', 'svc__kernel': 'poly'}",0.9440298507462687,0.9427860696517413,0.9552238805970149,0.9539800995024875,0.9465174129353234,0.9485074626865672,0.005134270507599561,139
0.08304877281188965,0.009089362463577711,0.016753149032592774,0.0010866992605730772,10.0,0.0,3,auto,sigmoid,"{'svc__C': 10, 'svc__coef0': 0.0, 'svc__degree': 3, 'svc__gamma': 'auto', 'svc__kernel': 'sigmoid'}",0.9266169154228856,0.914179104477612,0.9191542288557214,0.9291044776119403,0.9266169154228856,0.923134328358209,0.005584563263841691,195
0.5690589904785156,0.04419561639499212,0.011843156814575196,0.0014957461117506103,10.0,0.0,4,scale,linear,"{'svc__C': 10, 'svc__coef0': 0.0, 'svc__degree': 4, 'svc__gamma': 'scale', 'svc__kernel': 'linear'}",0.9589552238805971,0.9664179104477612,0.9639303482587065,0.9577114427860697,0.9601990049751243,0.9614427860696517,0.0032433842811953285,43
0.11611742973327636,0.00818169587853301,0.04054551124572754,0.005040559743136147,10.0,0.0,4,scale,rbf,"{'svc__C': 10, 'svc__coef0': 0.0, 'svc__degree': 4, 'svc__gamma': 'scale', 'svc__kernel': 'rbf'}",0.9601990049751243,0.9564676616915423,0.9614427860696517,0.9614427860696517,0.9601990049751243,0.9599502487562189,0.0018279774199874365,85
0.16897106170654297,0.009047317697642276,0.03198714256286621,0.0060142226286827105,10.0,0.0,4,scale,poly,"{'svc__C': 10, 'svc__coef0': 0.0, 'svc__degree': 4, 'svc__gamma': 'scale', 'svc__kernel': 'poly'}",0.945273631840796,0.9415422885572139,0.9477611940298507,0.9427860696517413,0.9477611940298507,0.9450248756218904,0.002536825628653124,143
0.07144699096679688,0.004675907414521936,0.014966869354248047,0.00061357471532228,10.0,0.0,4,scale,sigmoid,"{'svc__C': 10, 'svc__coef0': 0.0, 'svc__degree': 4, 'svc__gamma': 'scale', 'svc__kernel': 'sigmoid'}",0.9266169154228856,0.914179104477612,0.9191542288557214,0.9291044776119403,0.9266169154228856,0.923134328358209,0.005584563263841691,195
0.5739682197570801,0.04663217937646157,0.012671709060668945,0.001591683005486552,10.0,0.0,4,auto,linear,"{'svc__C': 10, 'svc__coef0': 0.0, 'svc__degree': 4, 'svc__gamma': 'auto', 'svc__kernel': 'linear'}",0.9589552238805971,0.9664179104477612,0.9639303482587065,0.9577114427860697,0.9601990049751243,0.9614427860696517,0.0032433842811953285,43
0.12625436782836913,0.017647858989725495,0.043926048278808597,0.006447838125923302,10.0,0.0,4,auto,rbf,"{'svc__C': 10, 'svc__coef0': 0.0, 'svc__degree': 4, 'svc__gamma': 'auto', 'svc__kernel': 'rbf'}",0.9601990049751243,0.9564676616915423,0.9614427860696517,0.9614427860696517,0.9601990049751243,0.9599502487562189,0.0018279774199874365,85
0.1691819667816162,0.006141074161669224,0.02947382926940918,0.003123904324461316,10.0,0.0,4,auto,poly,"{'svc__C': 10, 'svc__coef0': 0.0, 'svc__degree': 4, 'svc__gamma': 'auto', 'svc__kernel': 'poly'}",0.945273631840796,0.9415422885572139,0.9477611940298507,0.9427860696517413,0.9477611940298507,0.9450248756218904,0.002536825628653124,143
0.06780467033386231,0.0032787632587063056,0.015625524520874023,0.0006525518931652173,10.0,0.0,4,auto,sigmoid,"{'svc__C': 10, 'svc__coef0': 0.0, 'svc__degree': 4, 'svc__gamma': 'auto', 'svc__kernel': 'sigmoid'}",0.9266169154228856,0.914179104477612,0.9191542288557214,0.9291044776119403,0.9266169154228856,0.923134328358209,0.005584563263841691,195
0.5379479885101318,0.03821294123442991,0.011628341674804688,0.0008657355748132222,10.0,0.1,2,scale,linear,"{'svc__C': 10, 'svc__coef0': 0.1, 'svc__degree': 2, 'svc__gamma': 'scale', 'svc__kernel': 'linear'}",0.9589552238805971,0.9664179104477612,0.9639303482587065,0.9577114427860697,0.9601990049751243,0.9614427860696517,0.0032433842811953285,43
0.10683970451354981,0.008863654548058764,0.040488052368164065,0.004987364966280523,10.0,0.1,2,scale,rbf,"{'svc__C': 10, 'svc__coef0': 0.1, 'svc__degree': 2, 'svc__gamma': 'scale', 'svc__kernel': 'rbf'}",0.9601990049751243,0.9564676616915423,0.9614427860696517,0.9614427860696517,0.9601990049751243,0.9599502487562189,0.0018279774199874365,85
0.09542884826660156,0.005726184259631409,0.014895200729370117,0.003915982086490519,10.0,0.1,2,scale,poly,"{'svc__C': 10, 'svc__coef0': 0.1, 'svc__degree': 2, 'svc__gamma': 'scale', 'svc__kernel': 'poly'}",0.9614427860696517,0.9564676616915423,0.9664179104477612,0.9626865671641791,0.9601990049751243,0.9614427860696517,0.0032433842811953367,43
0.0773005485534668,0.010831341694128124,0.018363571166992186,0.004051471327775076,10.0,0.1,2,scale,sigmoid,"{'svc__C': 10, 'svc__coef0': 0.1, 'svc__degree': 2, 'svc__gamma': 'scale', 'svc__kernel': 'sigmoid'}",0.9253731343283582,0.9241293532338308,0.9253731343283582,0.9216417910447762,0.927860696517413,0.9248756218905474,0.00202090507578009,187
0.5465652465820312,0.04371812106628058,0.012055301666259765,0.00154959735085517,10.0,0.1,2,auto,linear,"{'svc__C': 10, 'svc__coef0': 0.1, 'svc__degree': 2, 'svc__gamma': 'auto', 'svc__kernel': 'linear'}",0.9589552238805971,0.9664179104477612,0.9639303482587065,0.9577114427860697,0.9601990049751243,0.9614427860696517,0.0032433842811953285,43
0.1153386116027832,0.01197361051213466,0.03963379859924317,0.0023112169087919254,10.0,0.1,2,auto,rbf,"{'svc__C': 10, 'svc__coef0': 0.1, 'svc__degree': 2, 'svc__gamma': 'auto', 'svc__kernel': 'rbf'}",0.9601990049751243,0.9564676616915423,0.9614427860696517,0.9614427860696517,0.9601990049751243,0.9599502487562189,0.0018279774199874365,85
0.09278182983398438,0.006617528265236262,0.01186060905456543,0.00041536822024689884,10.0,0.1,2,auto,poly,"{'svc__C': 10, 'svc__coef0': 0.1, 'svc__degree': 2, 'svc__gamma': 'auto', 'svc__kernel': 'poly'}",0.9614427860696517,0.9564676616915423,0.9664179104477612,0.9626865671641791,0.9601990049751243,0.9614427860696517,0.0032433842811953367,43
0.06740641593933105,0.007198656196667192,0.01562047004699707,0.0015226776173500054,10.0,0.1,2,auto,sigmoid,"{'svc__C': 10, 'svc__coef0': 0.1, 'svc__degree': 2, 'svc__gamma': 'auto', 'svc__kernel': 'sigmoid'}",0.9253731343283582,0.9241293532338308,0.9253731343283582,0.9216417910447762,0.927860696517413,0.9248756218905474,0.00202090507578009,187
0.5390187740325928,0.04918608318986241,0.012326622009277343,0.0025303866785690303,10.0,0.1,3,scale,linear,"{'svc__C': 10, 'svc__coef0': 0.1, 'svc__degree': 3, 'svc__gamma': 'scale', 'svc__kernel': 'linear'}",0.9589552238805971,0.9664179104477612,0.9639303482587065,0.9577114427860697,0.9601990049751243,0.9614427860696517,0.0032433842811953285,43
0.11162352561950684,0.015085629373424522,0.040709400177001955,0.005362170483131786,10.0,0.1,3,scale,rbf,"{'svc__C': 10, 'svc__coef0': 0.1, 'svc__degree': 3, 'svc__gamma': 'scale', 'svc__kernel': 'rbf'}",0.9601990049751243,0.9564676616915423,0.9614427860696517,0.9614427860696517,0.9601990049751243,0.9599502487562189,0.0018279774199874365,85
0.11065530776977539,0.005075522823371297,0.017455005645751955,0.0005482788560823869,10.0,0.1,3,scale,poly,"{'svc__C': 10, 'svc__coef0': 0.1, 'svc__degree': 3, 'svc__gamma': 'scale', 'svc__kernel': 'poly'}",0.9490049751243781,0.9440298507462687,0.9539800995024875,0.9601990049751243,0.9527363184079602,0.9519900497512438,0.005369908742518122,123
0.06745448112487792,0.006988876454791748,0.015000534057617188,0.0009139366462256819,10.0,0.1,3,scale,sigmoid,"{'svc__C': 10, 'svc__coef0': 0.1, 'svc__degree': 3, 'svc__gamma': 'scale', 'svc__kernel': 'sigmoid'}",0.9253731343283582,0.9241293532338308,0.9253731343283582,0.9216417910447762,0.927860696517413,0.9248756218905474,0.00202090507578009,187
0.5256606101989746,0.039790119062795594,0.011930131912231445,0.0006702287567550937,10.0,0.1,3,auto,linear,"{'svc__C': 10, 'svc__coef0': 0.1, 'svc__degree': 3, 'svc__gamma': 'auto', 'svc__kernel': 'linear'}",0.9589552238805971,0.9664179104477612,0.9639303482587065,0.9577114427860697,0.9601990049751243,0.9614427860696517,0.0032433842811953285,43
0.11066808700561523,0.012835955394470208,0.04191799163818359,0.007780520222596956,10.0,0.1,3,auto,rbf,"{'svc__C': 10, 'svc__coef0': 0.1, 'svc__degree': 3, 'svc__gamma': 'auto', 'svc__kernel': 'rbf'}",0.9601990049751243,0.9564676616915423,0.9614427860696517,0.9614427860696517,0.9601990049751243,0.9599502487562189,0.0018279774199874365,85
0.10149531364440918,0.0047307610721904385,0.01818060874938965,0.0010948157995810926,10.0,0.1,3,auto,poly,"{'svc__C': 10, 'svc__coef0': 0.1, 'svc__degree': 3, 'svc__gamma': 'auto', 'svc__kernel': 'poly'}",0.9490049751243781,0.9440298507462687,0.9539800995024875,0.9601990049751243,0.9527363184079602,0.9519900497512438,0.005369908742518122,123
0.06891016960144043,0.009541851819255449,0.016309785842895507,0.0019349720946424869,10.0,0.1,3,auto,sigmoid,"{'svc__C': 10, 'svc__coef0': 0.1, 'svc__degree': 3, 'svc__gamma': 'auto', 'svc__kernel': 'sigmoid'}",0.9253731343283582,0.9241293532338308,0.9253731343283582,0.9216417910447762,0.927860696517413,0.9248756218905474,0.00202090507578009,187
0.5326417446136474,0.036740862267995396,0.012859535217285157,0.0019402437486532322,10.0,0.1,4,scale,linear,"{'svc__C': 10, 'svc__coef0': 0.1, 'svc__degree': 4, 'svc__gamma': 'scale', 'svc__kernel': 'linear'}",0.9589552238805971,0.9664179104477612,0.9639303482587065,0.9577114427860697,0.9601990049751243,0.9614427860696517,0.0032433842811953285,43
0.11184425354003906,0.011838461015673363,0.04094119071960449,0.00352397185208214,10.0,0.1,4,scale,rbf,"{'svc__C': 10, 'svc__coef0': 0.1, 'svc__degree': 4, 'svc__gamma': 'scale', 'svc__kernel': 'rbf'}",0.9601990049751243,0.9564676616915423,0.9614427860696517,0.9614427860696517,0.9601990049751243,0.9599502487562189,0.0018279774199874365,85
0.12148032188415528,0.009144205436066023,0.02388873100280762,0.00563285645988283,10.0,0.1,4,scale,poly,"{'svc__C': 10, 'svc__coef0': 0.1, 'svc__degree': 4, 'svc__gamma': 'scale', 'svc__kernel': 'poly'}",0.9552238805970149,0.9539800995024875,0.9589552238805971,0.9564676616915423,0.9564676616915423,0.9562189054726368,0.0016500620847539598,113
0.07079339027404785,0.008656313596695163,0.015396213531494141,0.001787522798422585,10.0,0.1,4,scale,sigmoid,"{'svc__C': 10, 'svc__coef0': 0.1, 'svc__degree': 4, 'svc__gamma': 'scale', 'svc__kernel': 'sigmoid'}",0.9253731343283582,0.9241293532338308,0.9253731343283582,0.9216417910447762,0.927860696517413,0.9248756218905474,0.00202090507578009,187
0.5109966278076172,0.04366518197281703,0.011986398696899414,0.00192455094410271,10.0,0.1,4,auto,linear,"{'svc__C': 10, 'svc__coef0': 0.1, 'svc__degree': 4, 'svc__gamma': 'auto', 'svc__kernel': 'linear'}",0.9589552238805971,0.9664179104477612,0.9639303482587065,0.9577114427860697,0.9601990049751243,0.9614427860696517,0.0032433842811953285,43
0.10242562294006348,0.00698792752818712,0.037090396881103514,0.0027552298437218117,10.0,0.1,4,auto,rbf,"{'svc__C': 10, 'svc__coef0': 0.1, 'svc__degree': 4, 'svc__gamma': 'auto', 'svc__kernel': 'rbf'}",0.9601990049751243,0.9564676616915423,0.9614427860696517,0.9614427860696517,0.9601990049751243,0.9599502487562189,0.0018279774199874365,85
0.11758127212524414,0.007058635765898653,0.02053070068359375,0.0014088001361757096,10.0,0.1,4,auto,poly,"{'svc__C': 10, 'svc__coef0': 0.1, 'svc__degree': 4, 'svc__gamma': 'auto', 'svc__kernel': 'poly'}",0.9552238805970149,0.9539800995024875,0.9589552238805971,0.9564676616915423,0.9564676616915423,0.9562189054726368,0.0016500620847539598,113
0.0684363842010498,0.00671093392709329,0.014470767974853516,0.0003908781213148615,10.0,0.1,4,auto,sigmoid,"{'svc__C': 10, 'svc__coef0': 0.1, 'svc__degree': 4, 'svc__gamma': 'auto', 'svc__kernel': 'sigmoid'}",0.9253731343283582,0.9241293532338308,0.9253731343283582,0.9216417910447762,0.927860696517413,0.9248756218905474,0.00202090507578009,187
0.5200190067291259,0.03944936352664798,0.010805511474609375,0.0003488568349658412,10.0,0.5,2,scale,linear,"{'svc__C': 10, 'svc__coef0': 0.5, 'svc__degree': 2, 'svc__gamma': 'scale', 'svc__kernel': 'linear'}",0.9589552238805971,0.9664179104477612,0.9639303482587065,0.9577114427860697,0.9601990049751243,0.9614427860696517,0.0032433842811953285,43
0.10313920974731446,0.011636069802409775,0.04110660552978516,0.0057197791250882014,10.0,0.5,2,scale,rbf,"{'svc__C': 10, 'svc__coef0': 0.5, 'svc__degree': 2, 'svc__gamma': 'scale', 'svc__kernel': 'rbf'}",0.9601990049751243,0.9564676616915423,0.9614427860696517,0.9614427860696517,0.9601990049751243,0.9599502487562189,0.0018279774199874365,85
0.09368772506713867,0.0027365624910799208,0.011015796661376953,0.0006737669663202802,10.0,0.5,2,scale,poly,"{'svc__C': 10, 'svc__coef0': 0.5, 'svc__degree': 2, 'svc__gamma': 'scale', 'svc__kernel': 'poly'}",0.9577114427860697,0.9614427860696517,0.9651741293532339,0.9589552238805971,0.9614427860696517,0.9609452736318408,0.0025611020251211443,65
0.06863207817077636,0.005423105982774519,0.01512460708618164,0.0008293874537152955,10.0,0.5,2,scale,sigmoid,"{'svc__C': 10, 'svc__coef0': 0.5, 'svc__degree': 2, 'svc__gamma': 'scale', 'svc__kernel': 'sigmoid'}",0.8992537313432836,0.9104477611940298,0.914179104477612,0.8992537313432836,0.904228855721393,0.9054726368159203,0.0059908430740260275,211
0.5388825416564942,0.03982909135744795,0.01095876693725586,0.00022230220935298703,10.0,0.5,2,auto,linear,"{'svc__C': 10, 'svc__coef0': 0.5, 'svc__degree': 2, 'svc__gamma': 'auto', 'svc__kernel': 'linear'}",0.9589552238805971,0.9664179104477612,0.9639303482587065,0.9577114427860697,0.9601990049751243,0.9614427860696517,0.0032433842811953285,43
0.10878987312316894,0.010081092916919878,0.039216232299804685,0.0039109324951854835,10.0,0.5,2,auto,rbf,"{'svc__C': 10, 'svc__coef0': 0.5, 'svc__degree': 2, 'svc__gamma': 'auto', 'svc__kernel': 'rbf'}",0.9601990049751243,0.9564676616915423,0.9614427860696517,0.9614427860696517,0.9601990049751243,0.9599502487562189,0.0018279774199874365,85
0.09710755348205566,0.004453599454105171,0.011221981048583985,0.0004890962826259579,10.0,0.5,2,auto,poly,"{'svc__C': 10, 'svc__coef0': 0.5, 'svc__degree': 2, 'svc__gamma': 'auto', 'svc__kernel': 'poly'}",0.9577114427860697,0.9614427860696517,0.9651741293532339,0.9589552238805971,0.9614427860696517,0.9609452736318408,0.0025611020251211443,65
0.07025699615478516,0.0025143903113649395,0.015441179275512695,0.000380185947307094,10.0,0.5,2,auto,sigmoid,"{'svc__C': 10, 'svc__coef0': 0.5, 'svc__degree': 2, 'svc__gamma': 'auto', 'svc__kernel': 'sigmoid'}",0.8992537313432836,0.9104477611940298,0.914179104477612,0.8992537313432836,0.904228855721393,0.9054726368159203,0.0059908430740260275,211
0.524724292755127,0.04832298040281034,0.013324308395385741,0.003212762261755472,10.0,0.5,3,scale,linear,"{'svc__C': 10, 'svc__coef0': 0.5, 'svc__degree': 3, 'svc__gamma': 'scale', 'svc__kernel': 'linear'}",0.9589552238805971,0.9664179104477612,0.9639303482587065,0.9577114427860697,0.9601990049751243,0.9614427860696517,0.0032433842811953285,43
0.10817542076110839,0.010734358711464897,0.03998985290527344,0.004931846094915343,10.0,0.5,3,scale,rbf,"{'svc__C': 10, 'svc__coef0': 0.5, 'svc__degree': 3, 'svc__gamma': 'scale', 'svc__kernel': 'rbf'}",0.9601990049751243,0.9564676616915423,0.9614427860696517,0.9614427860696517,0.9601990049751243,0.9599502487562189,0.0018279774199874365,85
0.09449777603149415,0.0064647768590700835,0.01390528678894043,0.0006693663155229456,10.0,0.5,3,scale,poly,"{'svc__C': 10, 'svc__coef0': 0.5, 'svc__degree': 3, 'svc__gamma': 'scale', 'svc__kernel': 'poly'}",0.9577114427860697,0.9502487562189055,0.9552238805970149,0.9539800995024875,0.9589552238805971,0.955223880597015,0.0030466290333124283,115
0.0725977897644043,0.008732085132141947,0.01617565155029297,0.002959734888408873,10.0,0.5,3,scale,sigmoid,"{'svc__C': 10, 'svc__coef0': 0.5, 'svc__degree': 3, 'svc__gamma': 'scale', 'svc__kernel': 'sigmoid'}",0.8992537313432836,0.9104477611940298,0.914179104477612,0.8992537313432836,0.904228855721393,0.9054726368159203,0.0059908430740260275,211
0.56121826171875,0.043679471205930825,0.012503814697265626,0.0029545306247475926,10.0,0.5,3,auto,linear,"{'svc__C': 10, 'svc__coef0': 0.5, 'svc__degree': 3, 'svc__gamma': 'auto', 'svc__kernel': 'linear'}",0.9589552238805971,0.9664179104477612,0.9639303482587065,0.9577114427860697,0.9601990049751243,0.9614427860696517,0.0032433842811953285,43
0.11159253120422363,0.00900426563468394,0.04573845863342285,0.005264544312027561,10.0,0.5,3,auto,rbf,"{'svc__C': 10, 'svc__coef0': 0.5, 'svc__degree': 3, 'svc__gamma': 'auto', 'svc__kernel': 'rbf'}",0.9601990049751243,0.9564676616915423,0.9614427860696517,0.9614427860696517,0.9601990049751243,0.9599502487562189,0.0018279774199874365,85
0.09751343727111816,0.0069614336300368946,0.01600360870361328,0.002704955828923366,10.0,0.5,3,auto,poly,"{'svc__C': 10, 'svc__coef0': 0.5, 'svc__degree': 3, 'svc__gamma': 'auto', 'svc__kernel': 'poly'}",0.9577114427860697,0.9502487562189055,0.9552238805970149,0.9539800995024875,0.9589552238805971,0.955223880597015,0.0030466290333124283,115
0.07457737922668457,0.009069031601029145,0.01869821548461914,0.0037152184357154,10.0,0.5,3,auto,sigmoid,"{'svc__C': 10, 'svc__coef0': 0.5, 'svc__degree': 3, 'svc__gamma': 'auto', 'svc__kernel': 'sigmoid'}",0.8992537313432836,0.9104477611940298,0.914179104477612,0.8992537313432836,0.904228855721393,0.9054726368159203,0.0059908430740260275,211
0.5580618381500244,0.038680919910930416,0.012160682678222656,0.0017401209770789845,10.0,0.5,4,scale,linear,"{'svc__C': 10, 'svc__coef0': 0.5, 'svc__degree': 4, 'svc__gamma': 'scale', 'svc__kernel': 'linear'}",0.9589552238805971,0.9664179104477612,0.9639303482587065,0.9577114427860697,0.9601990049751243,0.9614427860696517,0.0032433842811953285,43
0.11369147300720214,0.010682159856979529,0.06494107246398925,0.036921563377411704,10.0,0.5,4,scale,rbf,"{'svc__C': 10, 'svc__coef0': 0.5, 'svc__degree': 4, 'svc__gamma': 'scale', 'svc__kernel': 'rbf'}",0.9601990049751243,0.9564676616915423,0.9614427860696517,0.9614427860696517,0.9601990049751243,0.9599502487562189,0.0018279774199874365,85
0.09009733200073242,0.004637503299326968,0.016145944595336914,0.0011598071294031652,10.0,0.5,4,scale,poly,"{'svc__C': 10, 'svc__coef0': 0.5, 'svc__degree': 4, 'svc__gamma': 'scale', 'svc__kernel': 'poly'}",0.9626865671641791,0.9577114427860697,0.9639303482587065,0.9577114427860697,0.9577114427860697,0.9599502487562189,0.0027700320213084636,85
0.06878132820129394,0.004647322487296242,0.015263986587524415,0.0005980561403060148,10.0,0.5,4,scale,sigmoid,"{'svc__C': 10, 'svc__coef0': 0.5, 'svc__degree': 4, 'svc__gamma': 'scale', 'svc__kernel': 'sigmoid'}",0.8992537313432836,0.9104477611940298,0.914179104477612,0.8992537313432836,0.904228855721393,0.9054726368159203,0.0059908430740260275,211
0.549126386642456,0.048383641335271135,0.011777782440185547,0.0008063027389690817,10.0,0.5,4,auto,linear,"{'svc__C': 10, 'svc__coef0': 0.5, 'svc__degree': 4, 'svc__gamma': 'auto', 'svc__kernel': 'linear'}",0.9589552238805971,0.9664179104477612,0.9639303482587065,0.9577114427860697,0.9601990049751243,0.9614427860696517,0.0032433842811953285,43
0.11231284141540528,0.013195718522034898,0.04148821830749512,0.007529164435682254,10.0,0.5,4,auto,rbf,"{'svc__C': 10, 'svc__coef0': 0.5, 'svc__degree': 4, 'svc__gamma': 'auto', 'svc__kernel': 'rbf'}",0.9601990049751243,0.9564676616915423,0.9614427860696517,0.9614427860696517,0.9601990049751243,0.9599502487562189,0.0018279774199874365,85
0.09336957931518555,0.0059257936442341395,0.01527700424194336,0.0011382497653582436,10.0,0.5,4,auto,poly,"{'svc__C': 10, 'svc__coef0': 0.5, 'svc__degree': 4, 'svc__gamma': 'auto', 'svc__kernel': 'poly'}",0.9626865671641791,0.9577114427860697,0.9639303482587065,0.9577114427860697,0.9577114427860697,0.9599502487562189,0.0027700320213084636,85
0.06369071006774903,0.0033041840559777506,0.013472509384155274,0.0006674378021734047,10.0,0.5,4,auto,sigmoid,"{'svc__C': 10, 'svc__coef0': 0.5, 'svc__degree': 4, 'svc__gamma': 'auto', 'svc__kernel': 'sigmoid'}",0.8992537313432836,0.9104477611940298,0.914179104477612,0.8992537313432836,0.904228855721393,0.9054726368159203,0.0059908430740260275,211
