,A,C,D,E,F,G,H,I,K,L,M,N,P,Q,R,S,T,V,W,Y
-13,0.09392265193370165,0.022099447513812154,0.0055248618784530384,0.0055248618784530384,0.07734806629834254,0.027624309392265192,0.0055248618784530384,0.08839779005524862,0.0055248618784530384,0.39779005524861877,0.0055248618784530384,0.0055248618784530384,0.016574585635359115,0.0055248618784530384,0.016574585635359115,0.055248618784530384,0.016574585635359115,0.11602209944751381,0.027624309392265192,0.0055248618784530384
-12,0.07734806629834254,0.03867403314917127,0.0055248618784530384,0.0055248618784530384,0.055248618784530384,0.027624309392265192,0.0055248618784530384,0.08839779005524862,0.0055248618784530384,0.3812154696132597,0.022099447513812154,0.011049723756906077,0.0055248618784530384,0.0055248618784530384,0.0055248618784530384,0.022099447513812154,0.06077348066298342,0.143646408839779,0.022099447513812154,0.011049723756906077
-11,0.06741573033707865,0.056179775280898875,0.0056179775280898875,0.0056179775280898875,0.06741573033707865,0.02247191011235955,0.0056179775280898875,0.05056179775280899,0.0056179775280898875,0.4101123595505618,0.0449438202247191,0.0056179775280898875,0.016853932584269662,0.0056179775280898875,0.0056179775280898875,0.05056179775280899,0.033707865168539325,0.0898876404494382,0.02247191011235955,0.028089887640449437
-10,0.08839779005524862,0.04419889502762431,0.0055248618784530384,0.011049723756906077,0.06629834254143646,0.03867403314917127,0.0055248618784530384,0.03867403314917127,0.011049723756906077,0.4419889502762431,0.027624309392265192,0.011049723756906077,0.0055248618784530384,0.011049723756906077,0.0055248618784530384,0.03867403314917127,0.027624309392265192,0.10497237569060773,0.011049723756906077,0.0055248618784530384
-9,0.11602209944751381,0.055248618784530384,0.0055248618784530384,0.0055248618784530384,0.03867403314917127,0.022099447513812154,0.0055248618784530384,0.06629834254143646,0.0055248618784530384,0.43646408839779005,0.011049723756906077,0.011049723756906077,0.0055248618784530384,0.0055248618784530384,0.0055248618784530384,0.07734806629834254,0.03314917127071823,0.07734806629834254,0.011049723756906077,0.0055248618784530384
-8,0.10674157303370786,0.06741573033707865,0.0056179775280898875,0.0056179775280898875,0.0449438202247191,0.07865168539325842,0.011235955056179775,0.033707865168539325,0.0056179775280898875,0.25842696629213485,0.03932584269662921,0.0056179775280898875,0.028089887640449437,0.03932584269662921,0.011235955056179775,0.06179775280898876,0.07865168539325842,0.0898876404494382,0.016853932584269662,0.011235955056179775
-7,0.10497237569060773,0.03867403314917127,0.0055248618784530384,0.0055248618784530384,0.10497237569060773,0.022099447513812154,0.011049723756906077,0.027624309392265192,0.011049723756906077,0.35911602209944754,0.016574585635359115,0.0055248618784530384,0.011049723756906077,0.011049723756906077,0.0055248618784530384,0.08839779005524862,0.04419889502762431,0.06629834254143646,0.03867403314917127,0.022099447513812154
-6,0.11920529801324503,0.059602649006622516,0.006622516556291391,0.006622516556291391,0.09271523178807947,0.019867549668874173,0.006622516556291391,0.059602649006622516,0.006622516556291391,0.13245033112582782,0.019867549668874173,0.006622516556291391,0.059602649006622516,0.006622516556291391,0.006622516556291391,0.11258278145695365,0.052980132450331126,0.18543046357615894,0.026490066225165563,0.013245033112582781
-5,0.143646408839779,0.03314917127071823,0.03314917127071823,0.022099447513812154,0.027624309392265192,0.11049723756906077,0.03314917127071823,0.03314917127071823,0.0055248618784530384,0.06077348066298342,0.0055248618784530384,0.022099447513812154,0.11602209944751381,0.06077348066298342,0.04419889502762431,0.14917127071823205,0.0718232044198895,0.0055248618784530384,0.011049723756906077,0.011049723756906077
-4,0.09142857142857143,0.04,0.022857142857142857,0.045714285714285714,0.03428571428571429,0.18285714285714286,0.005714285714285714,0.011428571428571429,0.011428571428571429,0.13714285714285715,0.005714285714285714,0.022857142857142857,0.08571428571428572,0.05142857142857143,0.02857142857142857,0.06857142857142857,0.04,0.07428571428571429,0.022857142857142857,0.017142857142857144
-3,0.26519337016574585,0.11049723756906077,0.0055248618784530384,0.0055248618784530384,0.0055248618784530384,0.03314917127071823,0.0055248618784530384,0.06077348066298342,0.0055248618784530384,0.049723756906077346,0.0055248618784530384,0.0055248618784530384,0.0055248618784530384,0.0055248618784530384,0.0055248618784530384,0.13259668508287292,0.09944751381215469,0.18232044198895028,0.0055248618784530384,0.0055248618784530384
-2,0.03867403314917127,0.022099447513812154,0.03314917127071823,0.04419889502762431,0.07734806629834254,0.04419889502762431,0.03867403314917127,0.03314917127071823,0.016574585635359115,0.11602209944751381,0.011049723756906077,0.06077348066298342,0.011049723756906077,0.10497237569060773,0.08839779005524862,0.09944751381215469,0.049723756906077346,0.022099447513812154,0.055248618784530384,0.03314917127071823
-1,0.44751381215469616,0.055248618784530384,0.0055248618784530384,0.0055248618784530384,0.0055248618784530384,0.22099447513812154,0.0055248618784530384,0.0055248618784530384,0.0055248618784530384,0.011049723756906077,0.0055248618784530384,0.0055248618784530384,0.022099447513812154,0.022099447513812154,0.0055248618784530384,0.11602209944751381,0.03867403314917127,0.0055248618784530384,0.0055248618784530384,0.0055248618784530384
1,0.10497237569060773,0.049723756906077346,0.06077348066298342,0.07734806629834254,0.03867403314917127,0.06077348066298342,0.027624309392265192,0.049723756906077346,0.06629834254143646,0.049723756906077346,0.011049723756906077,0.027624309392265192,0.0055248618784530384,0.11049723756906077,0.0718232044198895,0.08839779005524862,0.022099447513812154,0.049723756906077346,0.016574585635359115,0.011049723756906077
2,0.041916167664670656,0.023952095808383235,0.0718562874251497,0.08982035928143713,0.029940119760479042,0.04790419161676647,0.017964071856287425,0.04790419161676647,0.023952095808383235,0.1437125748502994,0.017964071856287425,0.059880239520958084,0.023952095808383235,0.0718562874251497,0.05389221556886228,0.0718562874251497,0.059880239520958084,0.05389221556886228,0.011976047904191617,0.03592814371257485
